composition_id,Al_at_pct,Co_at_pct,Cr_at_pct,Fe_at_pct,Ni_at_pct,synthetic_melting_point_K,synthetic_hardness_HV,synthetic_ultimate_tensile_strength_MPa,data_type,generation_model,mechanical_properties_model
HEA_0001,27.1,23.87,13.43,10.08,25.52,1515.18,493.27,1150.49,synthetic,toy_mixture_interactions_v1_seed42,toy_composition_v1_seed43
HEA_0002,15.78,32.57,12.24,11.94,27.47,1607.51,389.23,1011.37,synthetic,toy_mixture_interactions_v1_seed42,toy_composition_v1_seed43
HEA_0003,15.3,26.97,28.14,20.12,9.47,1740.3,373.62,859.68,synthetic,toy_mixture_interactions_v1_seed42,toy_composition_v1_seed43
HEA_0004,22.97,28.31,14.24,23.61,10.87,1564.77,397.32,1032.94,synthetic,toy_mixture_interactions_v1_seed42,toy_composition_v1_seed43
HEA_0005,26.3,20.7,11.25,20.64,21.11,1515.69,466.46,1084.8,synthetic,toy_mixture_interactions_v1_seed42,toy_composition_v1_seed43
HEA_0006,20.76,8.03,18.99,33.94,18.28,1645.93,382.44,1071.15,synthetic,toy_mixture_interactions_v1_seed42,toy_composition_v1_seed43
HEA_0007,13.08,21.71,15.29,22.57,27.35,1710.82,320.5,872.25,synthetic,toy_mixture_interactions_v1_seed42,toy_composition_v1_seed43
HEA_0008,23.38,20.05,19.23,15.21,22.13,1585.98,426.74,1084.11,synthetic,toy_mixture_interactions_v1_seed42,toy_composition_v1_seed43
HEA_0009,27.99,13.15,9.35,33.08,16.43,1511.6,464.72,964.34,synthetic,toy_mixture_interactions_v1_seed42,toy_composition_v1_seed43
HEA_0010,28.04,20.42,24.61,12.86,14.07,1568.28,467.78,1151.99,synthetic,toy_mixture_interactions_v1_seed42,toy_composition_v1_seed43
HEA_0011,28.89,9.3,24.28,14.47,23.06,1541.26,462.41,1156.87,synthetic,toy_mixture_interactions_v1_seed42,toy_composition_v1_seed43
HEA_0012,33.29,11.06,31.9,15.28,8.47,1551.76,516.82,1119.7,synthetic,toy_mixture_interactions_v1_seed42,toy_composition_v1_seed43
HEA_0013,25.17,31.0,7.5,12.23,24.1,1500.76,413.69,1076.5,synthetic,toy_mixture_interactions_v1_seed42,toy_composition_v1_seed43
HEA_0014,14.01,25.04,7.52,30.02,23.41,1636.78,338.56,884.99,synthetic,toy_mixture_interactions_v1_seed42,toy_composition_v1_seed43
HEA_0015,15.39,26.79,13.92,30.11,13.79,1653.55,409.11,954.22,synthetic,toy_mixture_interactions_v1_seed42,toy_composition_v1_seed43
HEA_0016,10.01,16.25,20.87,31.53,21.34,1769.51,345.34,807.82,synthetic,toy_mixture_interactions_v1_seed42,toy_composition_v1_seed43
HEA_0017,16.11,5.83,21.57,33.15,23.34,1700.28,400.05,890.98,synthetic,toy_mixture_interactions_v1_seed42,toy_composition_v1_seed43
HEA_0018,11.18,14.5,29.88,17.67,26.77,1784.04,391.73,990.12,synthetic,toy_mixture_interactions_v1_seed42,toy_composition_v1_seed43
HEA_0019,15.74,13.7,29.55,17.55,23.46,1749.62,354.69,911.18,synthetic,toy_mixture_interactions_v1_seed42,toy_composition_v1_seed43
HEA_0020,19.69,12.52,35.0,25.98,6.81,1726.69,424.85,992.23,synthetic,toy_mixture_interactions_v1_seed42,toy_composition_v1_seed43
HEA_0021,16.06,26.82,14.58,21.11,21.43,1617.4,350.15,866.81,synthetic,toy_mixture_interactions_v1_seed42,toy_composition_v1_seed43
HEA_0022,16.14,30.85,10.55,30.49,11.97,1653.03,378.5,865.52,synthetic,toy_mixture_interactions_v1_seed42,toy_composition_v1_seed43
HEA_0023,26.34,13.79,21.6,17.88,20.39,1567.56,430.29,1090.83,synthetic,toy_mixture_interactions_v1_seed42,toy_composition_v1_seed43
HEA_0024,23.37,23.45,7.46,19.88,25.84,1518.03,440.54,1137.85,synthetic,toy_mixture_interactions_v1_seed42,toy_composition_v1_seed43
HEA_0025,34.79,6.59,28.38,14.06,16.18,1553.58,528.18,1217.15,synthetic,toy_mixture_interactions_v1_seed42,toy_composition_v1_seed43
HEA_0026,7.17,23.9,27.65,29.33,11.95,1809.73,317.24,801.44,synthetic,toy_mixture_interactions_v1_seed42,toy_composition_v1_seed43
HEA_0027,24.67,20.52,14.71,21.63,18.47,1561.75,447.23,1130.66,synthetic,toy_mixture_interactions_v1_seed42,toy_composition_v1_seed43
HEA_0028,18.87,27.58,18.95,6.96,27.64,1611.6,433.9,1014.28,synthetic,toy_mixture_interactions_v1_seed42,toy_composition_v1_seed43
HEA_0029,19.58,17.86,27.35,24.83,10.38,1696.86,434.42,1046.4,synthetic,toy_mixture_interactions_v1_seed42,toy_composition_v1_seed43
HEA_0030,28.49,13.77,25.97,17.63,14.14,1593.64,486.93,987.0,synthetic,toy_mixture_interactions_v1_seed42,toy_composition_v1_seed43
HEA_0031,13.04,17.82,28.52,29.01,11.61,1775.08,373.08,895.91,synthetic,toy_mixture_interactions_v1_seed42,toy_composition_v1_seed43
HEA_0032,27.46,15.78,13.67,18.9,24.19,1516.39,486.76,1093.59,synthetic,toy_mixture_interactions_v1_seed42,toy_composition_v1_seed43
HEA_0033,13.2,32.34,11.96,28.46,14.04,1670.58,356.62,885.19,synthetic,toy_mixture_interactions_v1_seed42,toy_composition_v1_seed43
HEA_0034,21.06,26.62,19.96,12.93,19.43,1598.36,447.6,1083.72,synthetic,toy_mixture_interactions_v1_seed42,toy_composition_v1_seed43
HEA_0035,9.34,31.36,12.85,27.43,19.02,1737.25,341.68,914.68,synthetic,toy_mixture_interactions_v1_seed42,toy_composition_v1_seed43
HEA_0036,5.91,23.15,28.47,24.05,18.42,1847.34,342.02,874.35,synthetic,toy_mixture_interactions_v1_seed42,toy_composition_v1_seed43
HEA_0037,24.41,12.95,11.87,34.37,16.4,1539.56,416.23,1015.69,synthetic,toy_mixture_interactions_v1_seed42,toy_composition_v1_seed43
HEA_0038,14.56,18.69,8.99,28.75,29.01,1668.17,393.14,894.67,synthetic,toy_mixture_interactions_v1_seed42,toy_composition_v1_seed43
HEA_0039,26.69,21.86,10.08,29.78,11.59,1516.08,444.59,1031.68,synthetic,toy_mixture_interactions_v1_seed42,toy_composition_v1_seed43
HEA_0040,14.97,32.81,24.28,10.36,17.58,1699.97,378.82,785.4,synthetic,toy_mixture_interactions_v1_seed42,toy_composition_v1_seed43
HEA_0041,22.31,18.72,20.43,20.93,17.61,1623.99,462.3,966.53,synthetic,toy_mixture_interactions_v1_seed42,toy_composition_v1_seed43
HEA_0042,19.5,17.35,25.41,22.06,15.68,1698.13,398.12,1087.97,synthetic,toy_mixture_interactions_v1_seed42,toy_composition_v1_seed43
HEA_0043,11.27,20.06,33.31,12.22,23.14,1794.7,319.69,935.08,synthetic,toy_mixture_interactions_v1_seed42,toy_composition_v1_seed43
HEA_0044,11.39,20.6,24.16,13.74,30.11,1737.95,343.14,806.94,synthetic,toy_mixture_interactions_v1_seed42,toy_composition_v1_seed43
HEA_0045,6.0,22.47,15.02,27.46,29.05,1759.87,306.65,739.39,synthetic,toy_mixture_interactions_v1_seed42,toy_composition_v1_seed43
HEA_0046,24.45,23.02,23.84,16.37,12.32,1590.55,444.79,1047.76,synthetic,toy_mixture_interactions_v1_seed42,toy_composition_v1_seed43
HEA_0047,7.68,16.45,16.2,30.64,29.03,1755.33,320.43,942.72,synthetic,toy_mixture_interactions_v1_seed42,toy_composition_v1_seed43
HEA_0048,8.31,26.15,30.54,16.32,18.68,1823.27,318.45,929.1,synthetic,toy_mixture_interactions_v1_seed42,toy_composition_v1_seed43
HEA_0049,22.3,10.54,30.6,21.79,14.77,1689.21,427.67,1035.7,synthetic,toy_mixture_interactions_v1_seed42,toy_composition_v1_seed43
HEA_0050,29.59,6.6,30.0,17.55,16.26,1586.13,454.59,1095.38,synthetic,toy_mixture_interactions_v1_seed42,toy_composition_v1_seed43
HEA_0051,34.96,8.31,7.52,31.45,17.76,1402.53,482.29,1200.46,synthetic,toy_mixture_interactions_v1_seed42,toy_composition_v1_seed43
HEA_0052,18.79,22.75,20.51,23.72,14.23,1655.14,406.75,1013.57,synthetic,toy_mixture_interactions_v1_seed42,toy_composition_v1_seed43
HEA_0053,20.38,23.61,24.08,21.83,10.1,1670.31,432.36,923.98,synthetic,toy_mixture_interactions_v1_seed42,toy_composition_v1_seed43
HEA_0054,20.07,12.5,13.11,28.08,26.24,1578.27,428.28,964.73,synthetic,toy_mixture_interactions_v1_seed42,toy_composition_v1_seed43
HEA_0055,24.68,23.68,27.5,8.01,16.13,1592.07,470.13,1095.26,synthetic,toy_mixture_interactions_v1_seed42,toy_composition_v1_seed43
HEA_0056,22.81,20.94,33.75,6.81,15.69,1656.76,455.05,1132.1,synthetic,toy_mixture_interactions_v1_seed42,toy_composition_v1_seed43
HEA_0057,33.72,12.05,18.41,23.35,12.47,1483.59,454.33,1290.45,synthetic,toy_mixture_interactions_v1_seed42,toy_composition_v1_seed43
HEA_0058,29.84,8.07,23.64,23.07,15.38,1583.72,486.88,1205.41,synthetic,toy_mixture_interactions_v1_seed42,toy_composition_v1_seed43
HEA_0059,17.54,27.8,27.16,16.46,11.04,1701.34,408.85,993.32,synthetic,toy_mixture_interactions_v1_seed42,toy_composition_v1_seed43
HEA_0060,32.32,22.78,20.44,13.46,11.0,1526.87,468.96,1148.45,synthetic,toy_mixture_interactions_v1_seed42,toy_composition_v1_seed43
HEA_0061,24.73,7.25,19.2,21.26,27.56,1575.69,403.79,1077.51,synthetic,toy_mixture_interactions_v1_seed42,toy_composition_v1_seed43
HEA_0062,18.76,23.09,25.81,25.95,6.39,1671.9,439.71,865.27,synthetic,toy_mixture_interactions_v1_seed42,toy_composition_v1_seed43
HEA_0063,30.14,12.39,30.62,12.46,14.39,1604.45,482.2,1153.15,synthetic,toy_mixture_interactions_v1_seed42,toy_composition_v1_seed43
HEA_0064,10.45,20.55,27.68,16.71,24.61,1760.13,376.11,977.66,synthetic,toy_mixture_interactions_v1_seed42,toy_composition_v1_seed43
HEA_0065,11.75,11.42,27.61,28.97,20.25,1769.16,362.89,904.65,synthetic,toy_mixture_interactions_v1_seed42,toy_composition_v1_seed43
HEA_0066,30.22,19.79,22.49,12.84,14.66,1528.72,483.82,1129.88,synthetic,toy_mixture_interactions_v1_seed42,toy_composition_v1_seed43
HEA_0067,20.18,13.13,23.63,15.42,27.64,1649.89,411.7,1013.56,synthetic,toy_mixture_interactions_v1_seed42,toy_composition_v1_seed43
HEA_0068,29.26,5.07,18.96,27.82,18.89,1532.27,469.93,1122.99,synthetic,toy_mixture_interactions_v1_seed42,toy_composition_v1_seed43
HEA_0069,21.51,16.61,12.99,20.33,28.56,1566.82,402.64,1064.56,synthetic,toy_mixture_interactions_v1_seed42,toy_composition_v1_seed43
HEA_0070,34.6,14.7,21.81,10.04,18.85,1466.62,521.11,1266.63,synthetic,toy_mixture_interactions_v1_seed42,toy_composition_v1_seed43
HEA_0071,20.8,21.86,33.33,15.55,8.46,1723.01,406.25,1000.06,synthetic,toy_mixture_interactions_v1_seed42,toy_composition_v1_seed43
HEA_0072,21.38,22.23,25.87,23.31,7.21,1651.71,427.66,1034.47,synthetic,toy_mixture_interactions_v1_seed42,toy_composition_v1_seed43
HEA_0073,20.22,25.5,22.15,9.47,22.66,1613.16,417.15,1134.84,synthetic,toy_mixture_interactions_v1_seed42,toy_composition_v1_seed43
HEA_0074,11.03,7.59,19.25,27.75,34.38,1697.96,334.02,961.15,synthetic,toy_mixture_interactions_v1_seed42,toy_composition_v1_seed43
HEA_0075,15.96,23.05,16.77,12.33,31.89,1628.96,409.61,1016.68,synthetic,toy_mixture_interactions_v1_seed42,toy_composition_v1_seed43
HEA_0076,17.85,30.96,9.83,16.26,25.1,1603.03,394.19,1003.65,synthetic,toy_mixture_interactions_v1_seed42,toy_composition_v1_seed43
HEA_0077,16.81,22.46,20.26,18.76,21.71,1652.58,387.0,902.91,synthetic,toy_mixture_interactions_v1_seed42,toy_composition_v1_seed43
HEA_0078,17.51,20.29,13.63,19.75,28.82,1596.48,375.31,932.8,synthetic,toy_mixture_interactions_v1_seed42,toy_composition_v1_seed43
HEA_0079,19.9,12.07,15.59,34.94,17.5,1620.52,388.4,916.59,synthetic,toy_mixture_interactions_v1_seed42,toy_composition_v1_seed43
HEA_0080,21.97,12.7,27.92,21.01,16.4,1679.91,414.45,1057.42,synthetic,toy_mixture_interactions_v1_seed42,toy_composition_v1_seed43
HEA_0081,21.61,31.69,19.28,13.09,14.33,1577.41,452.27,982.88,synthetic,toy_mixture_interactions_v1_seed42,toy_composition_v1_seed43
HEA_0082,23.69,19.02,15.73,27.63,13.93,1584.61,389.14,987.96,synthetic,toy_mixture_interactions_v1_seed42,toy_composition_v1_seed43
HEA_0083,21.41,20.76,19.01,12.36,26.46,1613.72,401.17,992.15,synthetic,toy_mixture_interactions_v1_seed42,toy_composition_v1_seed43
HEA_0084,25.53,15.27,10.11,33.55,15.54,1531.97,400.16,1010.86,synthetic,toy_mixture_interactions_v1_seed42,toy_composition_v1_seed43
HEA_0085,19.89,12.84,14.75,34.58,17.94,1627.04,405.78,1094.33,synthetic,toy_mixture_interactions_v1_seed42,toy_composition_v1_seed43
HEA_0086,9.05,13.6,31.41,23.7,22.24,1797.06,324.17,795.63,synthetic,toy_mixture_interactions_v1_seed42,toy_composition_v1_seed43
HEA_0087,19.44,18.42,21.82,17.59,22.73,1670.29,408.28,1006.92,synthetic,toy_mixture_interactions_v1_seed42,toy_composition_v1_seed43
HEA_0088,12.63,27.2,13.11,29.44,17.62,1676.47,376.29,943.58,synthetic,toy_mixture_interactions_v1_seed42,toy_composition_v1_seed43
HEA_0089,18.11,20.15,27.24,23.21,11.29,1684.6,393.7,861.41,synthetic,toy_mixture_interactions_v1_seed42,toy_composition_v1_seed43
HEA_0090,27.94,24.41,10.27,24.01,13.37,1498.61,459.67,1044.65,synthetic,toy_mixture_interactions_v1_seed42,toy_composition_v1_seed43
HEA_0091,14.44,25.4,8.93,33.51,17.72,1627.33,374.24,860.16,synthetic,toy_mixture_interactions_v1_seed42,toy_composition_v1_seed43
HEA_0092,29.61,13.49,30.41,16.01,10.48,1607.7,485.71,1081.26,synthetic,toy_mixture_interactions_v1_seed42,toy_composition_v1_seed43
HEA_0093,18.38,32.82,11.19,18.96,18.65,1608.07,387.65,1035.2,synthetic,toy_mixture_interactions_v1_seed42,toy_composition_v1_seed43
HEA_0094,9.28,22.05,27.3,24.3,17.07,1816.16,329.23,881.78,synthetic,toy_mixture_interactions_v1_seed42,toy_composition_v1_seed43
HEA_0095,10.11,31.99,21.53,10.84,25.53,1738.64,332.2,950.2,synthetic,toy_mixture_interactions_v1_seed42,toy_composition_v1_seed43
HEA_0096,33.2,17.17,13.53,24.38,11.72,1461.93,486.02,1177.79,synthetic,toy_mixture_interactions_v1_seed42,toy_composition_v1_seed43
HEA_0097,14.65,17.51,12.59,34.7,20.55,1656.81,360.2,829.02,synthetic,toy_mixture_interactions_v1_seed42,toy_composition_v1_seed43
HEA_0098,11.35,24.74,29.1,12.06,22.75,1765.59,339.48,1004.46,synthetic,toy_mixture_interactions_v1_seed42,toy_composition_v1_seed43
HEA_0099,15.73,14.26,28.74,21.06,20.21,1714.1,386.37,908.71,synthetic,toy_mixture_interactions_v1_seed42,toy_composition_v1_seed43
HEA_0100,11.02,28.08,25.39,16.9,18.61,1758.42,343.05,1001.84,synthetic,toy_mixture_interactions_v1_seed42,toy_composition_v1_seed43
HEA_0101,23.86,9.6,16.61,20.66,29.27,1582.67,440.59,1138.29,synthetic,toy_mixture_interactions_v1_seed42,toy_composition_v1_seed43
HEA_0102,29.93,11.29,11.32,22.59,24.87,1439.79,427.77,1271.34,synthetic,toy_mixture_interactions_v1_seed42,toy_composition_v1_seed43
HEA_0103,15.9,16.17,27.08,25.47,15.38,1730.44,393.28,1036.6,synthetic,toy_mixture_interactions_v1_seed42,toy_composition_v1_seed43
HEA_0104,26.5,34.0,7.45,13.54,18.51,1484.29,439.14,1080.18,synthetic,toy_mixture_interactions_v1_seed42,toy_composition_v1_seed43
HEA_0105,7.12,31.4,33.44,14.61,13.43,1849.99,359.21,982.67,synthetic,toy_mixture_interactions_v1_seed42,toy_composition_v1_seed43
HEA_0106,7.76,22.96,27.32,28.9,13.06,1838.31,339.56,800.12,synthetic,toy_mixture_interactions_v1_seed42,toy_composition_v1_seed43
HEA_0107,31.34,13.54,20.38,21.41,13.33,1551.2,508.25,1276.97,synthetic,toy_mixture_interactions_v1_seed42,toy_composition_v1_seed43
HEA_0108,23.48,16.77,23.19,7.5,29.06,1582.07,422.08,1056.08,synthetic,toy_mixture_interactions_v1_seed42,toy_composition_v1_seed43
HEA_0109,25.08,15.95,19.5,22.12,17.35,1585.92,458.64,1044.54,synthetic,toy_mixture_interactions_v1_seed42,toy_composition_v1_seed43
HEA_0110,27.55,23.65,11.1,12.3,25.4,1466.25,418.29,1124.61,synthetic,toy_mixture_interactions_v1_seed42,toy_composition_v1_seed43
HEA_0111,13.87,30.96,16.27,14.3,24.6,1664.14,370.77,973.76,synthetic,toy_mixture_interactions_v1_seed42,toy_composition_v1_seed43
HEA_0112,22.2,27.73,30.89,5.6,13.58,1651.71,470.27,999.98,synthetic,toy_mixture_interactions_v1_seed42,toy_composition_v1_seed43
HEA_0113,10.19,17.0,19.28,18.93,34.6,1741.31,324.47,877.51,synthetic,toy_mixture_interactions_v1_seed42,toy_composition_v1_seed43
HEA_0114,22.97,11.64,13.71,17.28,34.4,1527.27,440.21,1023.4,synthetic,toy_mixture_interactions_v1_seed42,toy_composition_v1_seed43
HEA_0115,30.44,11.75,8.87,29.12,19.82,1486.41,465.46,1058.59,synthetic,toy_mixture_interactions_v1_seed42,toy_composition_v1_seed43
HEA_0116,27.87,21.32,28.47,9.54,12.8,1613.31,494.63,1217.36,synthetic,toy_mixture_interactions_v1_seed42,toy_composition_v1_seed43
HEA_0117,34.25,10.41,20.58,26.24,8.52,1520.93,485.7,1201.33,synthetic,toy_mixture_interactions_v1_seed42,toy_composition_v1_seed43
HEA_0118,16.43,34.74,17.58,19.73,11.52,1673.64,362.58,969.62,synthetic,toy_mixture_interactions_v1_seed42,toy_composition_v1_seed43
HEA_0119,21.68,17.99,24.84,20.57,14.92,1639.21,400.77,1051.98,synthetic,toy_mixture_interactions_v1_seed42,toy_composition_v1_seed43
HEA_0120,26.64,24.64,24.87,14.78,9.07,1614.17,484.93,1156.51,synthetic,toy_mixture_interactions_v1_seed42,toy_composition_v1_seed43
HEA_0121,18.24,22.77,26.48,7.99,24.52,1677.71,374.49,1036.96,synthetic,toy_mixture_interactions_v1_seed42,toy_composition_v1_seed43
HEA_0122,33.48,16.48,14.37,13.26,22.41,1454.41,500.56,1293.43,synthetic,toy_mixture_interactions_v1_seed42,toy_composition_v1_seed43
HEA_0123,18.29,21.54,20.18,15.53,24.46,1675.3,410.68,1090.72,synthetic,toy_mixture_interactions_v1_seed42,toy_composition_v1_seed43
HEA_0124,25.61,14.49,11.25,22.13,26.52,1528.16,431.68,1006.72,synthetic,toy_mixture_interactions_v1_seed42,toy_composition_v1_seed43
HEA_0125,29.09,30.18,7.21,19.06,14.46,1464.82,407.53,1113.34,synthetic,toy_mixture_interactions_v1_seed42,toy_composition_v1_seed43
HEA_0126,29.95,9.73,21.01,30.81,8.5,1558.4,466.66,1121.35,synthetic,toy_mixture_interactions_v1_seed42,toy_composition_v1_seed43
HEA_0127,21.2,16.64,8.05,32.56,21.55,1567.65,391.92,982.33,synthetic,toy_mixture_interactions_v1_seed42,toy_composition_v1_seed43
HEA_0128,25.85,12.67,16.22,22.03,23.23,1540.87,479.0,1012.79,synthetic,toy_mixture_interactions_v1_seed42,toy_composition_v1_seed43
HEA_0129,25.29,29.31,19.94,18.63,6.83,1602.73,454.89,1137.48,synthetic,toy_mixture_interactions_v1_seed42,toy_composition_v1_seed43
HEA_0130,26.85,6.72,20.73,11.52,34.18,1532.9,485.17,1268.61,synthetic,toy_mixture_interactions_v1_seed42,toy_composition_v1_seed43
HEA_0131,13.79,25.04,15.12,29.25,16.8,1687.44,349.96,898.01,synthetic,toy_mixture_interactions_v1_seed42,toy_composition_v1_seed43
HEA_0132,20.19,25.45,26.27,13.27,14.82,1664.76,416.95,1013.07,synthetic,toy_mixture_interactions_v1_seed42,toy_composition_v1_seed43
HEA_0133,23.67,26.86,6.43,24.27,18.77,1500.27,451.62,928.8,synthetic,toy_mixture_interactions_v1_seed42,toy_composition_v1_seed43
HEA_0134,31.22,29.17,11.54,15.41,12.66,1461.55,466.23,1108.3,synthetic,toy_mixture_interactions_v1_seed42,toy_composition_v1_seed43
HEA_0135,9.32,34.11,24.0,16.15,16.42,1786.44,344.23,859.07,synthetic,toy_mixture_interactions_v1_seed42,toy_composition_v1_seed43
HEA_0136,13.41,25.71,10.53,19.83,30.52,1646.6,362.41,936.13,synthetic,toy_mixture_interactions_v1_seed42,toy_composition_v1_seed43
HEA_0137,17.2,11.83,24.3,34.2,12.47,1724.04,430.33,1000.52,synthetic,toy_mixture_interactions_v1_seed42,toy_composition_v1_seed43
HEA_0138,12.84,18.88,33.62,18.27,16.39,1815.71,362.48,848.3,synthetic,toy_mixture_interactions_v1_seed42,toy_composition_v1_seed43
HEA_0139,12.32,34.83,12.91,23.93,16.01,1685.89,337.56,836.87,synthetic,toy_mixture_interactions_v1_seed42,toy_composition_v1_seed43
HEA_0140,19.52,19.95,28.28,13.97,18.28,1671.05,415.93,1111.87,synthetic,toy_mixture_interactions_v1_seed42,toy_composition_v1_seed43
HEA_0141,13.54,17.37,33.55,19.5,16.04,1759.67,392.38,869.47,synthetic,toy_mixture_interactions_v1_seed42,toy_composition_v1_seed43
HEA_0142,30.06,16.0,30.05,5.87,18.02,1561.83,482.8,1289.19,synthetic,toy_mixture_interactions_v1_seed42,toy_composition_v1_seed43
HEA_0143,24.75,29.9,10.03,22.16,13.16,1536.14,403.63,1077.7,synthetic,toy_mixture_interactions_v1_seed42,toy_composition_v1_seed43
HEA_0144,27.97,23.46,27.72,6.66,14.19,1594.84,495.81,1077.32,synthetic,toy_mixture_interactions_v1_seed42,toy_composition_v1_seed43
HEA_0145,25.51,20.01,12.73,29.57,12.18,1550.09,405.56,1050.49,synthetic,toy_mixture_interactions_v1_seed42,toy_composition_v1_seed43
HEA_0146,15.3,17.22,32.34,19.85,15.29,1733.93,401.94,1032.03,synthetic,toy_mixture_interactions_v1_seed42,toy_composition_v1_seed43
HEA_0147,26.59,15.84,19.49,25.05,13.03,1616.97,463.94,1015.74,synthetic,toy_mixture_interactions_v1_seed42,toy_composition_v1_seed43
HEA_0148,24.82,17.06,16.24,33.72,8.16,1605.39,465.12,1026.21,synthetic,toy_mixture_interactions_v1_seed42,toy_composition_v1_seed43
HEA_0149,16.5,17.34,16.04,22.52,27.6,1675.26,382.78,967.05,synthetic,toy_mixture_interactions_v1_seed42,toy_composition_v1_seed43
HEA_0150,29.67,23.89,8.24,13.04,25.16,1460.46,444.32,1098.11,synthetic,toy_mixture_interactions_v1_seed42,toy_composition_v1_seed43
HEA_0151,16.42,11.99,28.86,32.99,9.74,1738.81,413.52,992.24,synthetic,toy_mixture_interactions_v1_seed42,toy_composition_v1_seed43
HEA_0152,23.69,19.1,25.65,14.42,17.14,1619.19,436.61,1087.38,synthetic,toy_mixture_interactions_v1_seed42,toy_composition_v1_seed43
HEA_0153,23.26,11.04,21.75,19.49,24.46,1611.7,429.38,1036.02,synthetic,toy_mixture_interactions_v1_seed42,toy_composition_v1_seed43
HEA_0154,15.86,18.67,16.0,20.06,29.41,1654.85,367.6,885.96,synthetic,toy_mixture_interactions_v1_seed42,toy_composition_v1_seed43
HEA_0155,18.08,27.33,14.55,19.55,20.49,1642.96,376.51,964.51,synthetic,toy_mixture_interactions_v1_seed42,toy_composition_v1_seed43
HEA_0156,6.45,33.93,19.28,31.29,9.05,1812.64,315.63,785.02,synthetic,toy_mixture_interactions_v1_seed42,toy_composition_v1_seed43
HEA_0157,8.66,13.74,31.43,14.53,31.64,1818.97,337.48,917.61,synthetic,toy_mixture_interactions_v1_seed42,toy_composition_v1_seed43
HEA_0158,15.0,27.5,16.57,12.23,28.7,1668.83,376.77,961.56,synthetic,toy_mixture_interactions_v1_seed42,toy_composition_v1_seed43
HEA_0159,30.41,20.04,24.46,18.58,6.51,1568.03,474.8,1131.8,synthetic,toy_mixture_interactions_v1_seed42,toy_composition_v1_seed43
HEA_0160,17.52,26.38,16.41,27.27,12.42,1666.9,401.09,982.93,synthetic,toy_mixture_interactions_v1_seed42,toy_composition_v1_seed43
HEA_0161,13.74,20.17,22.33,21.9,21.86,1695.24,363.5,889.73,synthetic,toy_mixture_interactions_v1_seed42,toy_composition_v1_seed43
HEA_0162,8.68,8.17,28.43,23.22,31.5,1807.86,322.2,807.82,synthetic,toy_mixture_interactions_v1_seed42,toy_composition_v1_seed43
HEA_0163,15.79,11.61,22.6,19.33,30.67,1688.66,417.41,920.3,synthetic,toy_mixture_interactions_v1_seed42,toy_composition_v1_seed43
HEA_0164,18.53,14.02,22.94,12.98,31.53,1640.3,427.79,1022.37,synthetic,toy_mixture_interactions_v1_seed42,toy_composition_v1_seed43
HEA_0165,31.22,24.26,7.87,19.1,17.55,1452.43,487.57,1097.85,synthetic,toy_mixture_interactions_v1_seed42,toy_composition_v1_seed43
HEA_0166,21.07,7.76,21.94,18.42,30.81,1620.15,421.49,1112.03,synthetic,toy_mixture_interactions_v1_seed42,toy_composition_v1_seed43
HEA_0167,14.44,13.42,25.58,23.02,23.54,1721.78,410.33,958.11,synthetic,toy_mixture_interactions_v1_seed42,toy_composition_v1_seed43
HEA_0168,26.05,15.6,29.96,8.35,20.04,1607.62,494.1,1180.8,synthetic,toy_mixture_interactions_v1_seed42,toy_composition_v1_seed43
HEA_0169,19.69,23.46,9.58,27.46,19.81,1583.15,409.51,983.43,synthetic,toy_mixture_interactions_v1_seed42,toy_composition_v1_seed43
HEA_0170,22.77,22.92,8.48,26.45,19.38,1533.14,409.96,1146.84,synthetic,toy_mixture_interactions_v1_seed42,toy_composition_v1_seed43
HEA_0171,12.89,17.36,9.7,27.92,32.13,1647.92,332.39,928.1,synthetic,toy_mixture_interactions_v1_seed42,toy_composition_v1_seed43
HEA_0172,33.71,24.58,10.26,10.56,20.89,1399.89,500.9,1232.66,synthetic,toy_mixture_interactions_v1_seed42,toy_composition_v1_seed43
HEA_0173,6.81,31.1,24.77,19.41,17.91,1810.35,314.62,797.84,synthetic,toy_mixture_interactions_v1_seed42,toy_composition_v1_seed43
HEA_0174,25.59,27.09,14.44,18.54,14.34,1550.38,439.97,1117.53,synthetic,toy_mixture_interactions_v1_seed42,toy_composition_v1_seed43
HEA_0175,15.03,18.43,22.57,27.95,16.02,1718.75,356.21,1012.98,synthetic,toy_mixture_interactions_v1_seed42,toy_composition_v1_seed43
HEA_0176,25.48,29.7,27.94,7.66,9.22,1618.33,461.02,1134.44,synthetic,toy_mixture_interactions_v1_seed42,toy_composition_v1_seed43
HEA_0177,26.5,20.0,26.32,11.38,15.8,1597.99,454.38,1190.44,synthetic,toy_mixture_interactions_v1_seed42,toy_composition_v1_seed43
HEA_0178,22.25,30.4,13.99,24.44,8.92,1589.54,411.55,1025.46,synthetic,toy_mixture_interactions_v1_seed42,toy_composition_v1_seed43
HEA_0179,12.11,31.92,13.86,12.23,29.88,1667.47,316.66,1028.4,synthetic,toy_mixture_interactions_v1_seed42,toy_composition_v1_seed43
HEA_0180,30.17,19.0,15.28,23.9,11.65,1533.1,486.95,1071.24,synthetic,toy_mixture_interactions_v1_seed42,toy_composition_v1_seed43
HEA_0181,14.93,21.24,23.49,20.74,19.6,1696.86,368.94,961.15,synthetic,toy_mixture_interactions_v1_seed42,toy_composition_v1_seed43
HEA_0182,19.11,17.82,28.25,9.3,25.52,1666.21,404.37,958.57,synthetic,toy_mixture_interactions_v1_seed42,toy_composition_v1_seed43
HEA_0183,17.07,15.08,24.59,34.43,8.83,1708.08,391.78,1025.44,synthetic,toy_mixture_interactions_v1_seed42,toy_composition_v1_seed43
HEA_0184,32.02,18.67,9.85,8.22,31.24,1422.89,516.93,1244.01,synthetic,toy_mixture_interactions_v1_seed42,toy_composition_v1_seed43
HEA_0185,5.84,16.25,23.46,24.45,30.0,1799.28,298.47,917.07,synthetic,toy_mixture_interactions_v1_seed42,toy_composition_v1_seed43
HEA_0186,23.31,17.25,22.1,27.34,10.0,1606.13,414.7,980.78,synthetic,toy_mixture_interactions_v1_seed42,toy_composition_v1_seed43
HEA_0187,7.05,10.01,24.38,27.3,31.26,1789.79,293.02,858.01,synthetic,toy_mixture_interactions_v1_seed42,toy_composition_v1_seed43
HEA_0188,21.02,30.35,6.92,7.3,34.41,1525.85,399.52,1053.67,synthetic,toy_mixture_interactions_v1_seed42,toy_composition_v1_seed43
HEA_0189,15.17,11.3,28.81,30.98,13.74,1754.1,405.99,847.3,synthetic,toy_mixture_interactions_v1_seed42,toy_composition_v1_seed43
HEA_0190,14.81,31.23,26.54,17.95,9.47,1742.48,370.02,986.62,synthetic,toy_mixture_interactions_v1_seed42,toy_composition_v1_seed43
HEA_0191,15.08,22.9,27.87,24.09,10.06,1746.2,391.52,938.73,synthetic,toy_mixture_interactions_v1_seed42,toy_composition_v1_seed43
HEA_0192,20.43,25.52,7.7,16.36,29.99,1532.39,404.14,973.88,synthetic,toy_mixture_interactions_v1_seed42,toy_composition_v1_seed43
HEA_0193,13.12,13.23,30.3,9.44,33.91,1728.49,381.69,1018.2,synthetic,toy_mixture_interactions_v1_seed42,toy_composition_v1_seed43
HEA_0194,13.48,6.57,22.71,23.72,33.52,1702.2,352.57,893.03,synthetic,toy_mixture_interactions_v1_seed42,toy_composition_v1_seed43
HEA_0195,17.38,21.6,22.92,20.37,17.73,1669.19,373.18,969.16,synthetic,toy_mixture_interactions_v1_seed42,toy_composition_v1_seed43
HEA_0196,18.4,26.3,21.76,14.26,19.28,1667.88,427.93,964.01,synthetic,toy_mixture_interactions_v1_seed42,toy_composition_v1_seed43
HEA_0197,21.79,30.09,15.42,15.63,17.07,1614.17,416.31,1112.7,synthetic,toy_mixture_interactions_v1_seed42,toy_composition_v1_seed43
HEA_0198,19.22,25.73,20.17,23.12,11.76,1651.89,388.17,963.94,synthetic,toy_mixture_interactions_v1_seed42,toy_composition_v1_seed43
HEA_0199,32.18,12.34,18.69,28.76,8.03,1530.01,482.44,1118.63,synthetic,toy_mixture_interactions_v1_seed42,toy_composition_v1_seed43
HEA_0200,12.89,25.04,17.37,14.92,29.78,1700.07,397.88,911.97,synthetic,toy_mixture_interactions_v1_seed42,toy_composition_v1_seed43
HEA_0201,17.15,19.25,16.21,26.02,21.37,1635.82,412.39,984.27,synthetic,toy_mixture_interactions_v1_seed42,toy_composition_v1_seed43
HEA_0202,24.02,16.09,24.73,20.75,14.41,1611.63,486.61,1200.03,synthetic,toy_mixture_interactions_v1_seed42,toy_composition_v1_seed43
HEA_0203,20.67,29.04,12.54,21.31,16.44,1588.49,373.07,1021.27,synthetic,toy_mixture_interactions_v1_seed42,toy_composition_v1_seed43
HEA_0204,27.92,8.31,13.44,33.44,16.89,1555.96,448.66,1153.47,synthetic,toy_mixture_interactions_v1_seed42,toy_composition_v1_seed43
HEA_0205,10.1,13.13,29.24,23.67,23.86,1797.95,386.93,910.16,synthetic,toy_mixture_interactions_v1_seed42,toy_composition_v1_seed43
HEA_0206,19.05,21.23,19.47,14.35,25.9,1626.34,406.36,1051.81,synthetic,toy_mixture_interactions_v1_seed42,toy_composition_v1_seed43
HEA_0207,21.11,18.35,13.62,24.67,22.25,1587.82,386.88,1027.96,synthetic,toy_mixture_interactions_v1_seed42,toy_composition_v1_seed43
HEA_0208,6.66,25.8,21.31,12.75,33.48,1778.42,323.89,853.13,synthetic,toy_mixture_interactions_v1_seed42,toy_composition_v1_seed43
HEA_0209,20.5,17.62,8.47,18.42,34.99,1546.48,385.65,1066.47,synthetic,toy_mixture_interactions_v1_seed42,toy_composition_v1_seed43
HEA_0210,21.64,22.82,18.36,17.16,20.02,1606.04,419.45,1004.04,synthetic,toy_mixture_interactions_v1_seed42,toy_composition_v1_seed43
HEA_0211,30.08,32.88,17.57,7.1,12.37,1511.72,489.42,1102.4,synthetic,toy_mixture_interactions_v1_seed42,toy_composition_v1_seed43
HEA_0212,25.19,19.5,33.75,14.41,7.15,1660.24,481.21,1095.13,synthetic,toy_mixture_interactions_v1_seed42,toy_composition_v1_seed43
HEA_0213,22.98,13.01,24.8,19.42,19.79,1632.6,422.38,1082.7,synthetic,toy_mixture_interactions_v1_seed42,toy_composition_v1_seed43
HEA_0214,26.23,19.01,28.82,10.49,15.45,1597.45,507.9,1191.09,synthetic,toy_mixture_interactions_v1_seed42,toy_composition_v1_seed43
HEA_0215,25.56,19.65,11.32,32.74,10.73,1513.64,398.27,961.31,synthetic,toy_mixture_interactions_v1_seed42,toy_composition_v1_seed43
HEA_0216,15.79,25.86,26.44,19.8,12.11,1708.13,404.24,1015.98,synthetic,toy_mixture_interactions_v1_seed42,toy_composition_v1_seed43
HEA_0217,29.04,9.38,26.98,12.94,21.66,1598.15,485.95,1216.27,synthetic,toy_mixture_interactions_v1_seed42,toy_composition_v1_seed43
HEA_0218,24.72,16.42,10.57,27.88,20.41,1543.65,405.46,1085.51,synthetic,toy_mixture_interactions_v1_seed42,toy_composition_v1_seed43
HEA_0219,19.66,8.39,21.8,25.96,24.19,1653.18,380.9,1029.04,synthetic,toy_mixture_interactions_v1_seed42,toy_composition_v1_seed43
HEA_0220,30.34,23.93,13.13,20.59,12.01,1500.4,496.55,1110.17,synthetic,toy_mixture_interactions_v1_seed42,toy_composition_v1_seed43
HEA_0221,5.01,28.81,28.06,26.11,12.01,1874.67,335.01,669.83,synthetic,toy_mixture_interactions_v1_seed42,toy_composition_v1_seed43
HEA_0222,18.14,14.18,12.96,21.63,33.09,1607.1,407.11,969.69,synthetic,toy_mixture_interactions_v1_seed42,toy_composition_v1_seed43
HEA_0223,32.37,15.27,12.26,28.45,11.65,1488.8,493.19,1041.72,synthetic,toy_mixture_interactions_v1_seed42,toy_composition_v1_seed43
HEA_0224,18.81,28.13,12.2,29.88,10.98,1589.71,421.83,951.27,synthetic,toy_mixture_interactions_v1_seed42,toy_composition_v1_seed43
HEA_0225,28.68,20.0,10.09,10.64,30.59,1456.32,508.83,1078.49,synthetic,toy_mixture_interactions_v1_seed42,toy_composition_v1_seed43
HEA_0226,21.73,15.32,22.86,33.38,6.71,1685.86,403.46,1076.73,synthetic,toy_mixture_interactions_v1_seed42,toy_composition_v1_seed43
HEA_0227,16.38,14.88,27.92,12.44,28.38,1674.06,408.28,943.31,synthetic,toy_mixture_interactions_v1_seed42,toy_composition_v1_seed43
HEA_0228,33.57,8.83,17.17,17.88,22.55,1469.36,496.64,1159.98,synthetic,toy_mixture_interactions_v1_seed42,toy_composition_v1_seed43
HEA_0229,15.68,31.01,22.84,7.79,22.68,1652.12,409.99,947.33,synthetic,toy_mixture_interactions_v1_seed42,toy_composition_v1_seed43
HEA_0230,20.05,21.77,15.76,22.23,20.19,1618.3,406.38,1058.81,synthetic,toy_mixture_interactions_v1_seed42,toy_composition_v1_seed43
HEA_0231,26.4,27.48,17.68,13.09,15.35,1531.93,438.77,1068.13,synthetic,toy_mixture_interactions_v1_seed42,toy_composition_v1_seed43
HEA_0232,13.46,28.84,20.96,28.92,7.82,1735.79,351.96,967.62,synthetic,toy_mixture_interactions_v1_seed42,toy_composition_v1_seed43
HEA_0233,23.85,31.9,16.73,12.73,14.79,1575.94,426.77,1124.58,synthetic,toy_mixture_interactions_v1_seed42,toy_composition_v1_seed43
HEA_0234,20.56,21.5,29.68,12.77,15.49,1666.62,444.46,1072.42,synthetic,toy_mixture_interactions_v1_seed42,toy_composition_v1_seed43
HEA_0235,16.28,7.01,30.94,21.71,24.06,1733.67,417.64,1032.47,synthetic,toy_mixture_interactions_v1_seed42,toy_composition_v1_seed43
HEA_0236,28.42,13.01,17.61,10.03,30.93,1491.22,472.54,1220.17,synthetic,toy_mixture_interactions_v1_seed42,toy_composition_v1_seed43
HEA_0237,12.0,15.58,32.28,13.23,26.91,1771.26,429.34,977.39,synthetic,toy_mixture_interactions_v1_seed42,toy_composition_v1_seed43
HEA_0238,16.62,26.29,18.49,12.65,25.95,1652.54,389.5,989.38,synthetic,toy_mixture_interactions_v1_seed42,toy_composition_v1_seed43
HEA_0239,18.49,27.67,18.39,11.22,24.23,1609.55,398.43,1000.29,synthetic,toy_mixture_interactions_v1_seed42,toy_composition_v1_seed43
HEA_0240,33.7,5.26,18.85,12.23,29.96,1482.31,482.72,1185.97,synthetic,toy_mixture_interactions_v1_seed42,toy_composition_v1_seed43
HEA_0241,6.96,33.77,24.15,19.44,15.68,1764.99,347.78,862.3,synthetic,toy_mixture_interactions_v1_seed42,toy_composition_v1_seed43
HEA_0242,11.71,27.99,25.77,25.98,8.55,1757.12,369.96,852.4,synthetic,toy_mixture_interactions_v1_seed42,toy_composition_v1_seed43
HEA_0243,7.77,26.82,27.73,25.91,11.77,1828.4,342.84,861.57,synthetic,toy_mixture_interactions_v1_seed42,toy_composition_v1_seed43
HEA_0244,29.8,12.34,20.72,30.07,7.07,1568.86,458.25,1001.14,synthetic,toy_mixture_interactions_v1_seed42,toy_composition_v1_seed43
HEA_0245,25.04,16.26,21.68,12.95,24.07,1601.19,438.56,1131.08,synthetic,toy_mixture_interactions_v1_seed42,toy_composition_v1_seed43
HEA_0246,19.86,26.43,18.8,24.59,10.32,1648.47,420.5,976.57,synthetic,toy_mixture_interactions_v1_seed42,toy_composition_v1_seed43
HEA_0247,21.27,14.84,23.42,19.43,21.04,1658.8,437.61,935.39,synthetic,toy_mixture_interactions_v1_seed42,toy_composition_v1_seed43
HEA_0248,26.71,15.57,23.96,10.18,23.58,1569.86,437.25,1169.89,synthetic,toy_mixture_interactions_v1_seed42,toy_composition_v1_seed43
HEA_0249,9.68,28.89,22.24,15.37,23.82,1763.63,320.76,996.33,synthetic,toy_mixture_interactions_v1_seed42,toy_composition_v1_seed43
HEA_0250,16.84,33.47,24.1,15.18,10.41,1680.32,395.49,889.47,synthetic,toy_mixture_interactions_v1_seed42,toy_composition_v1_seed43
HEA_0251,34.3,9.48,14.09,8.92,33.21,1442.62,543.05,1183.54,synthetic,toy_mixture_interactions_v1_seed42,toy_composition_v1_seed43
HEA_0252,15.79,30.91,8.63,31.48,13.19,1623.46,370.04,844.03,synthetic,toy_mixture_interactions_v1_seed42,toy_composition_v1_seed43
HEA_0253,32.1,18.04,16.09,20.19,13.58,1484.13,453.56,1254.03,synthetic,toy_mixture_interactions_v1_seed42,toy_composition_v1_seed43
HEA_0254,22.61,11.43,15.84,25.61,24.51,1579.18,407.75,1052.2,synthetic,toy_mixture_interactions_v1_seed42,toy_composition_v1_seed43
HEA_0255,11.48,18.51,33.09,29.03,7.89,1815.44,379.29,851.17,synthetic,toy_mixture_interactions_v1_seed42,toy_composition_v1_seed43
HEA_0256,5.51,31.51,34.73,11.75,16.5,1855.91,307.73,892.54,synthetic,toy_mixture_interactions_v1_seed42,toy_composition_v1_seed43
HEA_0257,14.69,18.74,6.13,29.91,30.53,1607.84,377.67,944.92,synthetic,toy_mixture_interactions_v1_seed42,toy_composition_v1_seed43
HEA_0258,28.32,21.44,19.29,12.72,18.23,1524.36,467.99,1123.44,synthetic,toy_mixture_interactions_v1_seed42,toy_composition_v1_seed43
HEA_0259,11.78,27.93,10.99,29.44,19.86,1681.55,347.77,877.05,synthetic,toy_mixture_interactions_v1_seed42,toy_composition_v1_seed43
HEA_0260,6.95,26.36,12.45,23.98,30.26,1736.86,266.47,847.04,synthetic,toy_mixture_interactions_v1_seed42,toy_composition_v1_seed43
HEA_0261,11.28,17.31,29.59,13.76,28.06,1788.2,371.02,832.87,synthetic,toy_mixture_interactions_v1_seed42,toy_composition_v1_seed43
HEA_0262,32.41,13.77,11.15,23.62,19.05,1475.21,482.76,1078.81,synthetic,toy_mixture_interactions_v1_seed42,toy_composition_v1_seed43
HEA_0263,17.82,19.02,7.26,32.87,23.03,1592.51,384.46,946.69,synthetic,toy_mixture_interactions_v1_seed42,toy_composition_v1_seed43
HEA_0264,19.77,32.01,7.92,18.37,21.93,1575.24,394.89,969.93,synthetic,toy_mixture_interactions_v1_seed42,toy_composition_v1_seed43
HEA_0265,26.29,7.04,28.5,13.45,24.72,1621.05,473.06,1150.65,synthetic,toy_mixture_interactions_v1_seed42,toy_composition_v1_seed43
HEA_0266,18.35,7.8,26.25,12.66,34.94,1675.23,403.77,1082.04,synthetic,toy_mixture_interactions_v1_seed42,toy_composition_v1_seed43
HEA_0267,21.4,13.92,22.22,15.54,26.92,1649.81,416.28,1059.83,synthetic,toy_mixture_interactions_v1_seed42,toy_composition_v1_seed43
HEA_0268,12.17,27.12,15.53,15.02,30.16,1697.07,339.71,898.98,synthetic,toy_mixture_interactions_v1_seed42,toy_composition_v1_seed43
HEA_0269,25.41,12.07,13.87,27.26,21.39,1564.07,448.09,946.02,synthetic,toy_mixture_interactions_v1_seed42,toy_composition_v1_seed43
HEA_0270,15.83,6.95,23.04,33.04,21.14,1741.72,346.51,1001.13,synthetic,toy_mixture_interactions_v1_seed42,toy_composition_v1_seed43
HEA_0271,18.41,9.91,34.81,15.98,20.89,1770.4,408.08,965.04,synthetic,toy_mixture_interactions_v1_seed42,toy_composition_v1_seed43
HEA_0272,22.06,21.72,17.41,30.25,8.56,1603.57,400.45,941.72,synthetic,toy_mixture_interactions_v1_seed42,toy_composition_v1_seed43
HEA_0273,13.5,22.17,28.49,21.13,14.71,1787.1,405.49,1032.24,synthetic,toy_mixture_interactions_v1_seed42,toy_composition_v1_seed43
HEA_0274,17.03,17.42,16.71,34.14,14.7,1654.76,384.73,1044.01,synthetic,toy_mixture_interactions_v1_seed42,toy_composition_v1_seed43
HEA_0275,18.56,10.52,34.37,22.18,14.37,1735.1,402.43,1066.23,synthetic,toy_mixture_interactions_v1_seed42,toy_composition_v1_seed43
HEA_0276,6.98,27.61,19.21,21.57,24.63,1766.69,299.77,785.38,synthetic,toy_mixture_interactions_v1_seed42,toy_composition_v1_seed43
HEA_0277,29.86,8.43,14.06,25.25,22.4,1465.01,512.29,1120.67,synthetic,toy_mixture_interactions_v1_seed42,toy_composition_v1_seed43
HEA_0278,14.73,7.36,23.63,33.95,20.33,1722.7,361.45,956.37,synthetic,toy_mixture_interactions_v1_seed42,toy_composition_v1_seed43
HEA_0279,33.28,8.61,24.27,22.86,10.98,1555.29,539.83,1083.35,synthetic,toy_mixture_interactions_v1_seed42,toy_composition_v1_seed43
HEA_0280,29.98,25.54,26.73,9.75,8.0,1600.43,479.02,1178.17,synthetic,toy_mixture_interactions_v1_seed42,toy_composition_v1_seed43
HEA_0281,23.2,30.77,18.44,11.45,16.14,1598.69,413.42,1046.9,synthetic,toy_mixture_interactions_v1_seed42,toy_composition_v1_seed43
HEA_0282,12.3,32.68,25.87,16.84,12.31,1739.62,342.11,945.62,synthetic,toy_mixture_interactions_v1_seed42,toy_composition_v1_seed43
HEA_0283,10.13,30.18,27.71,7.89,24.09,1792.74,377.9,919.59,synthetic,toy_mixture_interactions_v1_seed42,toy_composition_v1_seed43
HEA_0284,28.66,26.02,10.05,24.29,10.98,1546.52,440.34,1005.27,synthetic,toy_mixture_interactions_v1_seed42,toy_composition_v1_seed43
HEA_0285,22.43,7.84,29.15,28.4,12.18,1671.84,464.47,1041.16,synthetic,toy_mixture_interactions_v1_seed42,toy_composition_v1_seed43
HEA_0286,24.96,21.92,17.04,10.14,25.94,1534.8,477.72,1059.91,synthetic,toy_mixture_interactions_v1_seed42,toy_composition_v1_seed43
HEA_0287,24.3,20.01,9.31,33.31,13.07,1534.37,395.88,990.61,synthetic,toy_mixture_interactions_v1_seed42,toy_composition_v1_seed43
HEA_0288,24.06,24.58,16.62,17.56,17.18,1579.11,441.16,1122.98,synthetic,toy_mixture_interactions_v1_seed42,toy_composition_v1_seed43
HEA_0289,24.56,7.33,15.27,26.77,26.07,1564.54,448.46,1049.95,synthetic,toy_mixture_interactions_v1_seed42,toy_composition_v1_seed43
HEA_0290,27.76,18.94,26.98,8.86,17.46,1580.61,460.3,1098.7,synthetic,toy_mixture_interactions_v1_seed42,toy_composition_v1_seed43
HEA_0291,20.99,15.27,11.04,26.66,26.04,1570.51,416.26,1019.07,synthetic,toy_mixture_interactions_v1_seed42,toy_composition_v1_seed43
HEA_0292,26.65,19.21,27.29,16.87,9.98,1618.71,464.17,1130.63,synthetic,toy_mixture_interactions_v1_seed42,toy_composition_v1_seed43
HEA_0293,17.74,18.44,7.83,22.11,33.88,1565.91,409.18,1022.51,synthetic,toy_mixture_interactions_v1_seed42,toy_composition_v1_seed43
HEA_0294,13.01,19.74,30.58,29.07,7.6,1777.45,367.6,998.74,synthetic,toy_mixture_interactions_v1_seed42,toy_composition_v1_seed43
HEA_0295,23.01,32.18,17.2,9.88,17.73,1560.36,409.77,1067.98,synthetic,toy_mixture_interactions_v1_seed42,toy_composition_v1_seed43
HEA_0296,25.92,22.15,13.5,28.4,10.03,1542.45,430.03,1040.66,synthetic,toy_mixture_interactions_v1_seed42,toy_composition_v1_seed43
HEA_0297,28.47,10.54,18.71,24.32,17.96,1534.75,477.12,1125.23,synthetic,toy_mixture_interactions_v1_seed42,toy_composition_v1_seed43
HEA_0298,30.57,16.15,10.53,33.76,8.99,1510.89,468.39,986.51,synthetic,toy_mixture_interactions_v1_seed42,toy_composition_v1_seed43
HEA_0299,10.99,12.36,27.13,31.53,17.99,1787.93,385.38,859.15,synthetic,toy_mixture_interactions_v1_seed42,toy_composition_v1_seed43
HEA_0300,23.03,11.9,26.11,27.0,11.96,1661.37,441.74,1119.74,synthetic,toy_mixture_interactions_v1_seed42,toy_composition_v1_seed43
HEA_0301,7.59,25.67,14.34,32.21,20.19,1747.74,299.31,752.74,synthetic,toy_mixture_interactions_v1_seed42,toy_composition_v1_seed43
HEA_0302,16.52,30.54,19.41,22.86,10.67,1681.82,354.59,998.98,synthetic,toy_mixture_interactions_v1_seed42,toy_composition_v1_seed43
HEA_0303,25.6,26.74,28.14,6.5,13.02,1653.67,463.41,1130.23,synthetic,toy_mixture_interactions_v1_seed42,toy_composition_v1_seed43
HEA_0304,32.36,28.18,19.87,12.51,7.08,1484.76,505.98,1128.58,synthetic,toy_mixture_interactions_v1_seed42,toy_composition_v1_seed43
HEA_0305,12.99,17.12,30.99,30.16,8.74,1776.3,336.72,815.57,synthetic,toy_mixture_interactions_v1_seed42,toy_composition_v1_seed43
HEA_0306,10.14,27.54,12.11,30.87,19.34,1682.92,328.55,870.12,synthetic,toy_mixture_interactions_v1_seed42,toy_composition_v1_seed43
HEA_0307,32.58,30.46,7.62,16.4,12.94,1446.85,472.96,1186.81,synthetic,toy_mixture_interactions_v1_seed42,toy_composition_v1_seed43
HEA_0308,30.19,14.49,14.15,12.85,28.32,1491.42,483.87,1175.72,synthetic,toy_mixture_interactions_v1_seed42,toy_composition_v1_seed43
HEA_0309,19.83,5.42,20.92,31.69,22.14,1642.13,432.95,790.41,synthetic,toy_mixture_interactions_v1_seed42,toy_composition_v1_seed43
HEA_0310,11.07,10.37,32.24,17.64,28.68,1792.7,366.63,982.82,synthetic,toy_mixture_interactions_v1_seed42,toy_composition_v1_seed43
HEA_0311,25.78,10.66,33.37,21.87,8.32,1645.3,443.84,1163.83,synthetic,toy_mixture_interactions_v1_seed42,toy_composition_v1_seed43
HEA_0312,33.37,17.24,17.79,11.09,20.51,1476.45,475.5,1272.44,synthetic,toy_mixture_interactions_v1_seed42,toy_composition_v1_seed43
HEA_0313,18.99,9.67,29.22,18.91,23.21,1669.89,433.02,1009.98,synthetic,toy_mixture_interactions_v1_seed42,toy_composition_v1_seed43
HEA_0314,20.76,25.93,18.03,15.99,19.29,1597.94,436.6,1078.25,synthetic,toy_mixture_interactions_v1_seed42,toy_composition_v1_seed43
HEA_0315,27.45,19.23,20.67,13.91,18.74,1567.36,487.21,1148.73,synthetic,toy_mixture_interactions_v1_seed42,toy_composition_v1_seed43
HEA_0316,5.79,20.19,27.69,21.27,25.06,1831.05,329.48,934.44,synthetic,toy_mixture_interactions_v1_seed42,toy_composition_v1_seed43
HEA_0317,23.23,30.34,7.92,22.53,15.98,1529.66,383.58,1075.38,synthetic,toy_mixture_interactions_v1_seed42,toy_composition_v1_seed43
HEA_0318,5.61,13.78,30.94,29.65,20.02,1876.63,295.32,767.47,synthetic,toy_mixture_interactions_v1_seed42,toy_composition_v1_seed43
HEA_0319,10.36,32.13,6.49,33.33,17.69,1654.88,296.14,713.44,synthetic,toy_mixture_interactions_v1_seed42,toy_composition_v1_seed43
HEA_0320,12.96,6.02,28.75,23.62,28.65,1761.04,367.75,826.55,synthetic,toy_mixture_interactions_v1_seed42,toy_composition_v1_seed43
HEA_0321,6.02,31.55,21.74,17.57,23.12,1796.86,303.1,847.43,synthetic,toy_mixture_interactions_v1_seed42,toy_composition_v1_seed43
HEA_0322,16.65,23.16,8.65,28.53,23.01,1577.45,369.74,1025.99,synthetic,toy_mixture_interactions_v1_seed42,toy_composition_v1_seed43
HEA_0323,20.35,33.38,13.63,9.74,22.9,1567.96,437.58,1095.12,synthetic,toy_mixture_interactions_v1_seed42,toy_composition_v1_seed43
HEA_0324,20.21,16.6,24.73,17.42,21.04,1634.69,424.38,1034.01,synthetic,toy_mixture_interactions_v1_seed42,toy_composition_v1_seed43
HEA_0325,27.33,29.88,12.86,12.98,16.95,1507.92,453.9,1008.2,synthetic,toy_mixture_interactions_v1_seed42,toy_composition_v1_seed43
HEA_0326,12.53,14.28,18.65,29.28,25.26,1680.3,355.25,830.69,synthetic,toy_mixture_interactions_v1_seed42,toy_composition_v1_seed43
HEA_0327,30.01,16.63,16.28,12.87,24.21,1496.52,472.8,1077.2,synthetic,toy_mixture_interactions_v1_seed42,toy_composition_v1_seed43
HEA_0328,13.04,30.86,15.85,17.97,22.28,1699.05,357.9,938.92,synthetic,toy_mixture_interactions_v1_seed42,toy_composition_v1_seed43
HEA_0329,26.15,26.07,29.1,6.45,12.23,1617.93,482.16,1142.38,synthetic,toy_mixture_interactions_v1_seed42,toy_composition_v1_seed43
HEA_0330,23.52,14.1,17.03,13.4,31.95,1556.31,443.62,1045.67,synthetic,toy_mixture_interactions_v1_seed42,toy_composition_v1_seed43
HEA_0331,29.95,19.9,20.77,19.37,10.01,1547.17,491.65,1052.44,synthetic,toy_mixture_interactions_v1_seed42,toy_composition_v1_seed43
HEA_0332,26.1,21.44,7.76,22.34,22.36,1474.64,453.67,1049.87,synthetic,toy_mixture_interactions_v1_seed42,toy_composition_v1_seed43
HEA_0333,10.85,31.95,15.11,22.95,19.14,1726.18,372.09,844.12,synthetic,toy_mixture_interactions_v1_seed42,toy_composition_v1_seed43
HEA_0334,20.29,13.66,21.65,17.31,27.09,1623.75,434.18,1048.06,synthetic,toy_mixture_interactions_v1_seed42,toy_composition_v1_seed43
HEA_0335,15.24,9.23,24.6,19.66,31.27,1704.24,396.74,1002.73,synthetic,toy_mixture_interactions_v1_seed42,toy_composition_v1_seed43
HEA_0336,27.44,17.7,18.87,21.5,14.49,1582.58,414.08,1016.0,synthetic,toy_mixture_interactions_v1_seed42,toy_composition_v1_seed43
HEA_0337,14.91,23.81,29.41,19.16,12.71,1741.87,400.33,915.72,synthetic,toy_mixture_interactions_v1_seed42,toy_composition_v1_seed43
HEA_0338,11.28,17.56,24.02,23.27,23.87,1745.27,332.23,859.13,synthetic,toy_mixture_interactions_v1_seed42,toy_composition_v1_seed43
HEA_0339,27.1,10.23,15.08,13.97,33.62,1502.79,484.22,1146.51,synthetic,toy_mixture_interactions_v1_seed42,toy_composition_v1_seed43
HEA_0340,15.44,23.07,32.47,6.83,22.19,1717.02,372.98,996.47,synthetic,toy_mixture_interactions_v1_seed42,toy_composition_v1_seed43
HEA_0341,24.03,29.45,18.3,9.68,18.54,1556.47,439.19,1031.05,synthetic,toy_mixture_interactions_v1_seed42,toy_composition_v1_seed43
HEA_0342,19.59,27.39,30.32,14.73,7.97,1720.93,466.28,1005.15,synthetic,toy_mixture_interactions_v1_seed42,toy_composition_v1_seed43
HEA_0343,22.39,23.38,18.12,18.1,18.01,1595.46,423.6,1069.89,synthetic,toy_mixture_interactions_v1_seed42,toy_composition_v1_seed43
HEA_0344,31.51,24.11,12.88,15.24,16.26,1471.68,487.65,1209.73,synthetic,toy_mixture_interactions_v1_seed42,toy_composition_v1_seed43
HEA_0345,24.81,12.51,25.59,22.07,15.02,1633.75,430.34,1085.78,synthetic,toy_mixture_interactions_v1_seed42,toy_composition_v1_seed43
HEA_0346,20.01,14.38,28.97,19.88,16.76,1659.44,398.98,968.44,synthetic,toy_mixture_interactions_v1_seed42,toy_composition_v1_seed43
HEA_0347,26.72,13.02,15.92,26.11,18.23,1552.55,460.92,1078.63,synthetic,toy_mixture_interactions_v1_seed42,toy_composition_v1_seed43
HEA_0348,14.74,18.95,20.31,15.36,30.64,1686.76,353.31,983.28,synthetic,toy_mixture_interactions_v1_seed42,toy_composition_v1_seed43
HEA_0349,12.09,31.38,14.9,23.55,18.08,1706.65,345.6,777.02,synthetic,toy_mixture_interactions_v1_seed42,toy_composition_v1_seed43
HEA_0350,8.66,14.31,26.81,22.98,27.24,1811.63,314.57,923.41,synthetic,toy_mixture_interactions_v1_seed42,toy_composition_v1_seed43
HEA_0351,25.58,24.54,16.53,10.49,22.86,1545.56,447.05,1174.91,synthetic,toy_mixture_interactions_v1_seed42,toy_composition_v1_seed43
HEA_0352,22.71,10.09,20.9,22.57,23.73,1607.34,450.4,969.21,synthetic,toy_mixture_interactions_v1_seed42,toy_composition_v1_seed43
HEA_0353,10.83,20.11,25.28,27.69,16.09,1753.05,384.73,891.32,synthetic,toy_mixture_interactions_v1_seed42,toy_composition_v1_seed43
HEA_0354,15.77,25.34,18.34,19.87,20.68,1676.23,341.75,889.47,synthetic,toy_mixture_interactions_v1_seed42,toy_composition_v1_seed43
HEA_0355,18.24,28.18,15.72,31.8,6.06,1652.57,386.5,930.86,synthetic,toy_mixture_interactions_v1_seed42,toy_composition_v1_seed43
HEA_0356,8.24,20.29,21.22,28.11,22.14,1817.43,307.47,990.67,synthetic,toy_mixture_interactions_v1_seed42,toy_composition_v1_seed43
HEA_0357,16.92,17.23,15.35,21.85,28.65,1645.22,368.1,1024.42,synthetic,toy_mixture_interactions_v1_seed42,toy_composition_v1_seed43
HEA_0358,23.0,16.54,34.97,11.04,14.45,1661.79,457.23,1160.37,synthetic,toy_mixture_interactions_v1_seed42,toy_composition_v1_seed43
HEA_0359,19.03,23.01,11.61,34.67,11.68,1603.83,383.96,876.04,synthetic,toy_mixture_interactions_v1_seed42,toy_composition_v1_seed43
HEA_0360,22.0,19.9,9.96,26.99,21.15,1550.97,431.25,1036.74,synthetic,toy_mixture_interactions_v1_seed42,toy_composition_v1_seed43
HEA_0361,5.92,33.64,9.76,25.44,25.24,1747.4,293.58,780.77,synthetic,toy_mixture_interactions_v1_seed42,toy_composition_v1_seed43
HEA_0362,12.96,25.05,9.54,19.72,32.73,1654.91,354.28,942.23,synthetic,toy_mixture_interactions_v1_seed42,toy_composition_v1_seed43
HEA_0363,13.1,27.16,19.32,25.18,15.24,1699.73,386.65,1029.64,synthetic,toy_mixture_interactions_v1_seed42,toy_composition_v1_seed43
HEA_0364,16.01,26.16,17.12,22.72,17.99,1679.52,364.55,845.41,synthetic,toy_mixture_interactions_v1_seed42,toy_composition_v1_seed43
HEA_0365,21.33,24.38,10.54,23.56,20.19,1568.02,398.77,948.57,synthetic,toy_mixture_interactions_v1_seed42,toy_composition_v1_seed43
HEA_0366,31.81,21.6,19.11,16.09,11.39,1511.2,492.84,1159.42,synthetic,toy_mixture_interactions_v1_seed42,toy_composition_v1_seed43
HEA_0367,15.17,16.01,24.12,14.09,30.61,1687.0,395.63,1018.82,synthetic,toy_mixture_interactions_v1_seed42,toy_composition_v1_seed43
HEA_0368,27.57,25.31,9.38,28.03,9.71,1516.89,406.23,1029.39,synthetic,toy_mixture_interactions_v1_seed42,toy_composition_v1_seed43
HEA_0369,26.79,15.11,14.98,18.31,24.81,1504.38,492.28,1058.07,synthetic,toy_mixture_interactions_v1_seed42,toy_composition_v1_seed43
HEA_0370,14.42,23.74,22.15,28.53,11.16,1700.49,347.74,856.06,synthetic,toy_mixture_interactions_v1_seed42,toy_composition_v1_seed43
HEA_0371,17.41,16.67,8.14,31.63,26.15,1594.45,414.11,884.24,synthetic,toy_mixture_interactions_v1_seed42,toy_composition_v1_seed43
HEA_0372,5.98,16.79,28.24,28.55,20.44,1869.41,299.32,754.97,synthetic,toy_mixture_interactions_v1_seed42,toy_composition_v1_seed43
HEA_0373,16.91,11.25,22.28,18.29,31.27,1673.18,414.74,886.52,synthetic,toy_mixture_interactions_v1_seed42,toy_composition_v1_seed43
HEA_0374,7.66,34.9,17.13,23.27,17.04,1769.44,293.79,805.51,synthetic,toy_mixture_interactions_v1_seed42,toy_composition_v1_seed43
HEA_0375,31.73,20.72,14.25,16.06,17.24,1469.94,504.34,1150.52,synthetic,toy_mixture_interactions_v1_seed42,toy_composition_v1_seed43
HEA_0376,25.07,27.1,12.86,7.67,27.3,1511.29,414.61,1272.57,synthetic,toy_mixture_interactions_v1_seed42,toy_composition_v1_seed43
HEA_0377,24.66,17.96,19.13,11.92,26.33,1551.38,423.97,1095.42,synthetic,toy_mixture_interactions_v1_seed42,toy_composition_v1_seed43
HEA_0378,23.29,27.8,17.55,24.2,7.16,1596.4,423.44,1022.42,synthetic,toy_mixture_interactions_v1_seed42,toy_composition_v1_seed43
HEA_0379,11.67,31.94,28.84,9.43,18.12,1767.44,334.84,880.29,synthetic,toy_mixture_interactions_v1_seed42,toy_composition_v1_seed43
HEA_0380,6.15,29.6,18.86,13.43,31.96,1771.98,296.49,839.59,synthetic,toy_mixture_interactions_v1_seed42,toy_composition_v1_seed43
HEA_0381,18.82,20.38,19.04,32.56,9.2,1658.17,400.93,960.07,synthetic,toy_mixture_interactions_v1_seed42,toy_composition_v1_seed43
HEA_0382,11.69,29.95,26.1,6.89,25.37,1746.73,379.85,870.75,synthetic,toy_mixture_interactions_v1_seed42,toy_composition_v1_seed43
HEA_0383,16.58,13.9,15.63,25.44,28.45,1658.78,389.62,842.08,synthetic,toy_mixture_interactions_v1_seed42,toy_composition_v1_seed43
HEA_0384,31.86,16.27,25.96,19.23,6.68,1565.22,518.58,1169.24,synthetic,toy_mixture_interactions_v1_seed42,toy_composition_v1_seed43
HEA_0385,22.92,26.44,21.72,16.42,12.5,1590.86,442.63,1090.48,synthetic,toy_mixture_interactions_v1_seed42,toy_composition_v1_seed43
HEA_0386,26.2,23.69,9.12,17.37,23.62,1517.49,455.47,1149.86,synthetic,toy_mixture_interactions_v1_seed42,toy_composition_v1_seed43
HEA_0387,17.79,11.69,28.74,9.59,32.19,1682.48,406.74,1055.43,synthetic,toy_mixture_interactions_v1_seed42,toy_composition_v1_seed43
HEA_0388,21.82,21.28,26.6,14.05,16.25,1625.68,447.31,946.48,synthetic,toy_mixture_interactions_v1_seed42,toy_composition_v1_seed43
HEA_0389,29.8,22.44,7.0,22.05,18.71,1449.65,421.85,1069.58,synthetic,toy_mixture_interactions_v1_seed42,toy_composition_v1_seed43
HEA_0390,19.1,19.98,25.19,15.61,20.12,1673.39,402.25,1010.29,synthetic,toy_mixture_interactions_v1_seed42,toy_composition_v1_seed43
HEA_0391,32.34,13.14,14.8,18.18,21.54,1483.42,504.93,1107.71,synthetic,toy_mixture_interactions_v1_seed42,toy_composition_v1_seed43
HEA_0392,14.43,28.25,28.55,19.81,8.96,1772.27,378.77,961.34,synthetic,toy_mixture_interactions_v1_seed42,toy_composition_v1_seed43
HEA_0393,33.7,9.97,20.16,13.28,22.89,1482.7,524.77,1182.57,synthetic,toy_mixture_interactions_v1_seed42,toy_composition_v1_seed43
HEA_0394,27.26,16.16,34.16,6.32,16.1,1614.91,495.48,1149.42,synthetic,toy_mixture_interactions_v1_seed42,toy_composition_v1_seed43
HEA_0395,11.23,14.16,30.1,12.69,31.82,1783.68,355.25,1014.33,synthetic,toy_mixture_interactions_v1_seed42,toy_composition_v1_seed43
HEA_0396,22.64,28.85,9.72,19.74,19.05,1559.33,402.13,888.53,synthetic,toy_mixture_interactions_v1_seed42,toy_composition_v1_seed43
HEA_0397,29.15,16.84,23.24,15.77,15.0,1548.44,477.11,1169.32,synthetic,toy_mixture_interactions_v1_seed42,toy_composition_v1_seed43
HEA_0398,8.49,17.26,15.99,24.18,34.08,1746.42,322.42,783.93,synthetic,toy_mixture_interactions_v1_seed42,toy_composition_v1_seed43
HEA_0399,15.58,16.54,22.46,28.15,17.27,1724.36,394.2,968.33,synthetic,toy_mixture_interactions_v1_seed42,toy_composition_v1_seed43
HEA_0400,22.67,20.06,23.22,24.93,9.12,1658.1,427.36,1040.29,synthetic,toy_mixture_interactions_v1_seed42,toy_composition_v1_seed43
HEA_0401,8.06,24.53,30.64,25.12,11.65,1828.26,383.16,851.16,synthetic,toy_mixture_interactions_v1_seed42,toy_composition_v1_seed43
HEA_0402,18.95,13.43,14.01,26.32,27.29,1592.93,373.13,951.38,synthetic,toy_mixture_interactions_v1_seed42,toy_composition_v1_seed43
HEA_0403,30.65,15.0,25.73,9.77,18.85,1555.39,522.57,1204.0,synthetic,toy_mixture_interactions_v1_seed42,toy_composition_v1_seed43
HEA_0404,14.85,26.91,11.32,28.45,18.47,1648.69,337.71,985.91,synthetic,toy_mixture_interactions_v1_seed42,toy_composition_v1_seed43
HEA_0405,23.29,21.82,17.63,6.81,30.45,1563.44,451.84,1138.39,synthetic,toy_mixture_interactions_v1_seed42,toy_composition_v1_seed43
HEA_0406,14.25,30.54,19.2,22.97,13.04,1693.25,371.47,733.18,synthetic,toy_mixture_interactions_v1_seed42,toy_composition_v1_seed43
HEA_0407,17.63,18.94,18.6,15.94,28.89,1625.57,377.9,981.37,synthetic,toy_mixture_interactions_v1_seed42,toy_composition_v1_seed43
HEA_0408,15.23,28.36,16.59,16.49,23.33,1669.37,353.98,800.14,synthetic,toy_mixture_interactions_v1_seed42,toy_composition_v1_seed43
HEA_0409,15.75,10.74,32.76,9.6,31.15,1742.85,411.89,1015.88,synthetic,toy_mixture_interactions_v1_seed42,toy_composition_v1_seed43
HEA_0410,25.35,22.93,13.42,27.83,10.47,1550.04,449.58,1087.98,synthetic,toy_mixture_interactions_v1_seed42,toy_composition_v1_seed43
HEA_0411,12.79,28.2,11.37,33.71,13.93,1654.73,350.01,803.5,synthetic,toy_mixture_interactions_v1_seed42,toy_composition_v1_seed43
HEA_0412,8.56,27.13,27.09,15.53,21.69,1783.87,341.08,865.97,synthetic,toy_mixture_interactions_v1_seed42,toy_composition_v1_seed43
HEA_0413,17.44,9.83,9.78,29.26,33.69,1592.62,385.15,964.47,synthetic,toy_mixture_interactions_v1_seed42,toy_composition_v1_seed43
HEA_0414,28.97,11.0,23.6,10.63,25.8,1553.14,503.08,1105.88,synthetic,toy_mixture_interactions_v1_seed42,toy_composition_v1_seed43
HEA_0415,28.16,10.48,13.34,31.58,16.44,1525.1,480.83,1107.37,synthetic,toy_mixture_interactions_v1_seed42,toy_composition_v1_seed43
HEA_0416,15.7,10.64,30.98,31.18,11.5,1751.69,411.49,906.09,synthetic,toy_mixture_interactions_v1_seed42,toy_composition_v1_seed43
HEA_0417,10.02,34.54,20.14,24.18,11.12,1731.45,300.98,870.22,synthetic,toy_mixture_interactions_v1_seed42,toy_composition_v1_seed43
HEA_0418,22.41,29.12,12.84,16.83,18.8,1566.5,426.65,1076.56,synthetic,toy_mixture_interactions_v1_seed42,toy_composition_v1_seed43
HEA_0419,28.13,12.91,17.39,26.62,14.95,1526.3,467.9,1051.72,synthetic,toy_mixture_interactions_v1_seed42,toy_composition_v1_seed43
HEA_0420,17.84,24.42,9.34,20.59,27.81,1619.83,382.23,937.5,synthetic,toy_mixture_interactions_v1_seed42,toy_composition_v1_seed43
HEA_0421,29.29,23.54,21.43,5.2,20.54,1513.09,492.75,1235.41,synthetic,toy_mixture_interactions_v1_seed42,toy_composition_v1_seed43
HEA_0422,33.79,19.22,21.45,8.32,17.22,1496.19,498.3,1215.19,synthetic,toy_mixture_interactions_v1_seed42,toy_composition_v1_seed43
HEA_0423,6.76,18.24,32.24,22.85,19.91,1853.85,341.11,863.65,synthetic,toy_mixture_interactions_v1_seed42,toy_composition_v1_seed43
HEA_0424,16.25,21.53,26.99,6.05,29.18,1697.83,406.26,965.52,synthetic,toy_mixture_interactions_v1_seed42,toy_composition_v1_seed43
HEA_0425,14.76,12.35,17.09,28.25,27.55,1673.71,345.91,1003.06,synthetic,toy_mixture_interactions_v1_seed42,toy_composition_v1_seed43
HEA_0426,26.73,24.43,19.68,8.2,20.96,1580.75,456.93,1069.48,synthetic,toy_mixture_interactions_v1_seed42,toy_composition_v1_seed43
HEA_0427,12.88,27.58,11.33,19.49,28.72,1643.17,346.87,963.21,synthetic,toy_mixture_interactions_v1_seed42,toy_composition_v1_seed43
HEA_0428,11.8,31.8,14.7,26.02,15.68,1702.46,358.69,797.08,synthetic,toy_mixture_interactions_v1_seed42,toy_composition_v1_seed43
HEA_0429,33.46,25.8,18.15,16.37,6.22,1515.62,492.11,1215.73,synthetic,toy_mixture_interactions_v1_seed42,toy_composition_v1_seed43
HEA_0430,21.5,11.69,29.5,17.97,19.34,1676.24,430.54,928.47,synthetic,toy_mixture_interactions_v1_seed42,toy_composition_v1_seed43
HEA_0431,6.5,20.82,28.4,12.22,32.06,1834.94,312.56,915.23,synthetic,toy_mixture_interactions_v1_seed42,toy_composition_v1_seed43
HEA_0432,9.81,17.02,26.98,30.63,15.56,1799.11,350.41,941.89,synthetic,toy_mixture_interactions_v1_seed42,toy_composition_v1_seed43
HEA_0433,14.72,22.92,6.41,26.98,28.97,1601.54,315.3,867.65,synthetic,toy_mixture_interactions_v1_seed42,toy_composition_v1_seed43
HEA_0434,18.9,22.33,33.31,6.36,19.1,1698.65,451.31,968.42,synthetic,toy_mixture_interactions_v1_seed42,toy_composition_v1_seed43
HEA_0435,30.43,16.17,13.01,15.32,25.07,1458.82,505.81,1130.31,synthetic,toy_mixture_interactions_v1_seed42,toy_composition_v1_seed43
HEA_0436,9.09,12.21,26.84,17.06,34.8,1764.66,365.92,947.41,synthetic,toy_mixture_interactions_v1_seed42,toy_composition_v1_seed43
HEA_0437,17.54,16.9,21.26,17.89,26.41,1662.27,406.12,999.58,synthetic,toy_mixture_interactions_v1_seed42,toy_composition_v1_seed43
HEA_0438,12.66,17.48,27.58,8.42,33.86,1741.59,352.5,876.01,synthetic,toy_mixture_interactions_v1_seed42,toy_composition_v1_seed43
HEA_0439,27.94,24.02,12.64,5.77,29.63,1478.9,479.17,1114.22,synthetic,toy_mixture_interactions_v1_seed42,toy_composition_v1_seed43
HEA_0440,22.14,18.76,18.39,9.63,31.08,1586.31,431.85,1011.3,synthetic,toy_mixture_interactions_v1_seed42,toy_composition_v1_seed43
HEA_0441,25.6,11.13,16.91,22.47,23.89,1570.21,481.06,1094.64,synthetic,toy_mixture_interactions_v1_seed42,toy_composition_v1_seed43
HEA_0442,25.02,29.1,6.66,22.52,16.7,1506.58,415.52,984.81,synthetic,toy_mixture_interactions_v1_seed42,toy_composition_v1_seed43
HEA_0443,14.23,19.32,15.66,23.26,27.53,1633.77,352.19,934.01,synthetic,toy_mixture_interactions_v1_seed42,toy_composition_v1_seed43
HEA_0444,32.26,25.12,8.17,22.22,12.23,1456.8,480.07,1083.06,synthetic,toy_mixture_interactions_v1_seed42,toy_composition_v1_seed43
HEA_0445,7.19,34.86,20.42,18.08,19.45,1765.98,328.96,938.62,synthetic,toy_mixture_interactions_v1_seed42,toy_composition_v1_seed43
HEA_0446,15.97,21.88,18.17,11.49,32.49,1628.0,363.4,1037.52,synthetic,toy_mixture_interactions_v1_seed42,toy_composition_v1_seed43
HEA_0447,16.39,32.21,9.98,15.67,25.75,1593.35,351.76,942.29,synthetic,toy_mixture_interactions_v1_seed42,toy_composition_v1_seed43
HEA_0448,10.1,16.09,34.31,20.07,19.43,1818.04,343.68,861.38,synthetic,toy_mixture_interactions_v1_seed42,toy_composition_v1_seed43
HEA_0449,26.24,20.47,29.12,14.19,9.98,1613.38,485.61,1140.85,synthetic,toy_mixture_interactions_v1_seed42,toy_composition_v1_seed43
HEA_0450,30.42,8.52,22.32,6.79,31.95,1507.63,500.85,1214.47,synthetic,toy_mixture_interactions_v1_seed42,toy_composition_v1_seed43
HEA_0451,22.09,27.39,8.36,21.65,20.51,1553.97,464.34,1009.47,synthetic,toy_mixture_interactions_v1_seed42,toy_composition_v1_seed43
HEA_0452,27.28,25.59,29.03,11.44,6.66,1623.49,464.97,1143.7,synthetic,toy_mixture_interactions_v1_seed42,toy_composition_v1_seed43
HEA_0453,21.41,25.63,15.32,21.84,15.8,1578.56,431.08,1044.35,synthetic,toy_mixture_interactions_v1_seed42,toy_composition_v1_seed43
HEA_0454,23.46,34.52,6.96,17.75,17.31,1533.49,446.19,948.86,synthetic,toy_mixture_interactions_v1_seed42,toy_composition_v1_seed43
HEA_0455,27.33,25.69,12.57,19.92,14.49,1486.99,417.84,1084.82,synthetic,toy_mixture_interactions_v1_seed42,toy_composition_v1_seed43
HEA_0456,18.76,25.84,32.2,10.95,12.25,1692.95,405.6,935.91,synthetic,toy_mixture_interactions_v1_seed42,toy_composition_v1_seed43
HEA_0457,28.12,15.15,16.36,11.81,28.56,1503.97,490.13,1116.05,synthetic,toy_mixture_interactions_v1_seed42,toy_composition_v1_seed43
HEA_0458,27.6,18.51,27.02,7.49,19.38,1572.85,445.94,1155.76,synthetic,toy_mixture_interactions_v1_seed42,toy_composition_v1_seed43
HEA_0459,14.09,7.12,26.3,19.12,33.37,1694.31,375.57,844.25,synthetic,toy_mixture_interactions_v1_seed42,toy_composition_v1_seed43
HEA_0460,27.58,16.14,5.75,33.19,17.34,1488.52,460.28,1082.49,synthetic,toy_mixture_interactions_v1_seed42,toy_composition_v1_seed43
HEA_0461,18.12,25.09,28.17,23.55,5.07,1716.46,411.62,895.51,synthetic,toy_mixture_interactions_v1_seed42,toy_composition_v1_seed43
HEA_0462,21.05,16.76,33.68,11.51,17.0,1696.74,423.79,1035.89,synthetic,toy_mixture_interactions_v1_seed42,toy_composition_v1_seed43
HEA_0463,24.46,18.97,14.03,16.64,25.9,1535.8,431.58,1110.71,synthetic,toy_mixture_interactions_v1_seed42,toy_composition_v1_seed43
HEA_0464,10.47,12.66,21.12,22.99,32.76,1727.59,346.58,881.63,synthetic,toy_mixture_interactions_v1_seed42,toy_composition_v1_seed43
HEA_0465,14.78,25.32,17.9,31.77,10.23,1694.22,429.28,985.95,synthetic,toy_mixture_interactions_v1_seed42,toy_composition_v1_seed43
HEA_0466,25.73,18.51,23.72,15.42,16.62,1614.32,412.93,1073.13,synthetic,toy_mixture_interactions_v1_seed42,toy_composition_v1_seed43
HEA_0467,14.49,32.36,17.69,27.81,7.65,1685.7,338.08,918.63,synthetic,toy_mixture_interactions_v1_seed42,toy_composition_v1_seed43
HEA_0468,11.55,31.75,20.75,7.18,28.77,1712.72,353.75,905.94,synthetic,toy_mixture_interactions_v1_seed42,toy_composition_v1_seed43
HEA_0469,18.74,21.0,27.65,5.62,26.99,1642.23,410.05,1028.38,synthetic,toy_mixture_interactions_v1_seed42,toy_composition_v1_seed43
HEA_0470,19.44,20.5,18.28,23.58,18.2,1633.57,417.31,1010.94,synthetic,toy_mixture_interactions_v1_seed42,toy_composition_v1_seed43
HEA_0471,16.02,25.48,18.18,22.52,17.8,1678.47,404.96,873.71,synthetic,toy_mixture_interactions_v1_seed42,toy_composition_v1_seed43
HEA_0472,10.82,28.29,10.25,18.35,32.29,1683.21,339.49,906.33,synthetic,toy_mixture_interactions_v1_seed42,toy_composition_v1_seed43
HEA_0473,22.4,30.22,17.32,17.35,12.71,1601.62,415.0,1062.42,synthetic,toy_mixture_interactions_v1_seed42,toy_composition_v1_seed43
HEA_0474,34.08,15.8,16.09,20.37,13.66,1483.19,491.43,1229.64,synthetic,toy_mixture_interactions_v1_seed42,toy_composition_v1_seed43
HEA_0475,26.01,26.77,20.31,16.5,10.41,1573.12,461.12,934.07,synthetic,toy_mixture_interactions_v1_seed42,toy_composition_v1_seed43
HEA_0476,16.41,33.92,11.06,12.08,26.53,1564.34,388.1,1050.53,synthetic,toy_mixture_interactions_v1_seed42,toy_composition_v1_seed43
HEA_0477,21.7,19.82,12.93,28.27,17.28,1582.38,425.37,1145.07,synthetic,toy_mixture_interactions_v1_seed42,toy_composition_v1_seed43
HEA_0478,8.84,7.3,33.93,22.15,27.78,1865.48,364.64,816.19,synthetic,toy_mixture_interactions_v1_seed42,toy_composition_v1_seed43
HEA_0479,24.01,9.7,12.18,25.13,28.98,1544.33,429.99,997.78,synthetic,toy_mixture_interactions_v1_seed42,toy_composition_v1_seed43
HEA_0480,25.18,13.15,15.16,25.22,21.29,1552.45,467.85,1088.69,synthetic,toy_mixture_interactions_v1_seed42,toy_composition_v1_seed43
HEA_0481,18.21,7.48,31.16,25.47,17.68,1745.04,457.43,1018.46,synthetic,toy_mixture_interactions_v1_seed42,toy_composition_v1_seed43
HEA_0482,29.33,19.31,19.49,11.72,20.15,1539.51,517.7,1143.07,synthetic,toy_mixture_interactions_v1_seed42,toy_composition_v1_seed43
HEA_0483,25.17,10.37,13.15,22.68,28.63,1516.23,445.19,1101.43,synthetic,toy_mixture_interactions_v1_seed42,toy_composition_v1_seed43
HEA_0484,8.51,22.0,21.5,21.17,26.82,1780.5,317.46,725.98,synthetic,toy_mixture_interactions_v1_seed42,toy_composition_v1_seed43
HEA_0485,16.75,11.82,29.72,11.09,30.62,1724.29,396.1,949.29,synthetic,toy_mixture_interactions_v1_seed42,toy_composition_v1_seed43
HEA_0486,15.6,23.43,8.91,27.52,24.54,1640.04,349.05,983.19,synthetic,toy_mixture_interactions_v1_seed42,toy_composition_v1_seed43
HEA_0487,21.89,10.76,16.18,30.95,20.22,1610.27,407.83,1031.33,synthetic,toy_mixture_interactions_v1_seed42,toy_composition_v1_seed43
HEA_0488,12.27,24.55,11.16,23.84,28.18,1667.89,314.1,890.31,synthetic,toy_mixture_interactions_v1_seed42,toy_composition_v1_seed43
HEA_0489,21.23,13.92,16.99,19.1,28.76,1601.23,406.46,952.21,synthetic,toy_mixture_interactions_v1_seed42,toy_composition_v1_seed43
HEA_0490,12.6,24.97,27.8,17.37,17.26,1759.83,361.22,990.0,synthetic,toy_mixture_interactions_v1_seed42,toy_composition_v1_seed43
HEA_0491,22.38,19.84,21.22,16.77,19.79,1600.95,431.68,916.71,synthetic,toy_mixture_interactions_v1_seed42,toy_composition_v1_seed43
HEA_0492,25.39,6.99,11.17,26.4,30.05,1519.0,435.0,998.3,synthetic,toy_mixture_interactions_v1_seed42,toy_composition_v1_seed43
HEA_0493,5.44,25.76,10.4,30.38,28.02,1757.33,303.05,764.91,synthetic,toy_mixture_interactions_v1_seed42,toy_composition_v1_seed43
HEA_0494,9.19,20.63,27.45,20.22,22.51,1774.76,318.14,881.13,synthetic,toy_mixture_interactions_v1_seed42,toy_composition_v1_seed43
HEA_0495,13.13,11.35,17.09,34.21,24.22,1689.84,329.31,861.3,synthetic,toy_mixture_interactions_v1_seed42,toy_composition_v1_seed43
HEA_0496,30.97,19.06,12.97,13.42,23.58,1459.17,466.58,1206.01,synthetic,toy_mixture_interactions_v1_seed42,toy_composition_v1_seed43
HEA_0497,17.2,24.85,27.75,11.19,19.01,1694.26,389.35,1099.79,synthetic,toy_mixture_interactions_v1_seed42,toy_composition_v1_seed43
HEA_0498,18.25,16.06,13.09,21.39,31.21,1603.07,365.97,1082.64,synthetic,toy_mixture_interactions_v1_seed42,toy_composition_v1_seed43
HEA_0499,27.14,16.11,14.93,19.42,22.4,1519.19,488.53,1072.88,synthetic,toy_mixture_interactions_v1_seed42,toy_composition_v1_seed43
HEA_0500,12.34,11.94,34.48,23.3,17.94,1785.79,407.06,1000.08,synthetic,toy_mixture_interactions_v1_seed42,toy_composition_v1_seed43
HEA_0501,12.29,27.76,14.4,19.75,25.8,1690.79,350.93,878.91,synthetic,toy_mixture_interactions_v1_seed42,toy_composition_v1_seed43
HEA_0502,15.45,15.27,23.44,22.02,23.82,1726.08,380.28,854.54,synthetic,toy_mixture_interactions_v1_seed42,toy_composition_v1_seed43
HEA_0503,27.36,9.76,29.23,12.72,20.93,1622.76,469.42,1187.26,synthetic,toy_mixture_interactions_v1_seed42,toy_composition_v1_seed43
HEA_0504,12.87,16.19,21.67,25.52,23.75,1715.42,403.75,916.11,synthetic,toy_mixture_interactions_v1_seed42,toy_composition_v1_seed43
HEA_0505,13.11,25.33,19.2,20.02,22.34,1713.46,338.82,991.15,synthetic,toy_mixture_interactions_v1_seed42,toy_composition_v1_seed43
HEA_0506,16.83,22.04,11.75,18.72,30.66,1570.6,392.91,1053.84,synthetic,toy_mixture_interactions_v1_seed42,toy_composition_v1_seed43
HEA_0507,15.3,24.33,17.32,16.24,26.81,1685.66,370.33,1028.32,synthetic,toy_mixture_interactions_v1_seed42,toy_composition_v1_seed43
HEA_0508,14.1,8.42,29.5,14.98,33.0,1745.75,380.73,1030.1,synthetic,toy_mixture_interactions_v1_seed42,toy_composition_v1_seed43
HEA_0509,32.51,25.47,15.06,12.86,14.1,1484.8,485.51,1145.53,synthetic,toy_mixture_interactions_v1_seed42,toy_composition_v1_seed43
HEA_0510,11.27,14.86,31.37,30.34,12.16,1805.99,359.98,952.13,synthetic,toy_mixture_interactions_v1_seed42,toy_composition_v1_seed43
HEA_0511,24.46,28.23,17.1,17.33,12.88,1585.64,422.78,1095.29,synthetic,toy_mixture_interactions_v1_seed42,toy_composition_v1_seed43
HEA_0512,6.47,33.05,16.26,23.29,20.93,1768.4,307.43,834.79,synthetic,toy_mixture_interactions_v1_seed42,toy_composition_v1_seed43
HEA_0513,19.51,13.16,21.48,34.12,11.73,1691.52,403.42,897.16,synthetic,toy_mixture_interactions_v1_seed42,toy_composition_v1_seed43
HEA_0514,29.11,13.39,21.03,6.63,29.84,1519.51,496.36,1151.93,synthetic,toy_mixture_interactions_v1_seed42,toy_composition_v1_seed43
HEA_0515,15.07,19.49,29.76,16.16,19.52,1745.66,398.94,969.46,synthetic,toy_mixture_interactions_v1_seed42,toy_composition_v1_seed43
HEA_0516,34.65,30.16,9.55,14.42,11.22,1419.69,549.04,1200.03,synthetic,toy_mixture_interactions_v1_seed42,toy_composition_v1_seed43
HEA_0517,24.39,12.11,10.61,32.33,20.56,1518.28,409.88,1079.39,synthetic,toy_mixture_interactions_v1_seed42,toy_composition_v1_seed43
HEA_0518,32.8,26.67,10.27,12.79,17.47,1445.65,481.89,1200.83,synthetic,toy_mixture_interactions_v1_seed42,toy_composition_v1_seed43
HEA_0519,25.31,17.77,31.88,9.0,16.04,1647.55,508.64,1066.4,synthetic,toy_mixture_interactions_v1_seed42,toy_composition_v1_seed43
HEA_0520,15.44,13.51,20.42,29.71,20.92,1698.67,350.4,931.42,synthetic,toy_mixture_interactions_v1_seed42,toy_composition_v1_seed43
HEA_0521,12.94,29.79,12.6,19.26,25.41,1674.73,324.25,962.74,synthetic,toy_mixture_interactions_v1_seed42,toy_composition_v1_seed43
HEA_0522,5.4,21.44,17.22,32.46,23.48,1801.68,277.1,730.7,synthetic,toy_mixture_interactions_v1_seed42,toy_composition_v1_seed43
HEA_0523,23.66,15.78,14.08,25.76,20.72,1581.81,461.56,1095.61,synthetic,toy_mixture_interactions_v1_seed42,toy_composition_v1_seed43
HEA_0524,20.02,26.64,8.56,19.42,25.36,1555.02,388.46,946.94,synthetic,toy_mixture_interactions_v1_seed42,toy_composition_v1_seed43
HEA_0525,32.61,17.64,17.38,16.96,15.41,1516.8,494.46,1095.15,synthetic,toy_mixture_interactions_v1_seed42,toy_composition_v1_seed43
HEA_0526,6.1,19.4,23.84,25.23,25.43,1812.37,321.99,832.36,synthetic,toy_mixture_interactions_v1_seed42,toy_composition_v1_seed43
HEA_0527,27.56,13.45,16.32,26.51,16.16,1551.26,482.94,1118.5,synthetic,toy_mixture_interactions_v1_seed42,toy_composition_v1_seed43
HEA_0528,21.53,16.7,33.57,9.32,18.88,1687.97,439.32,1185.97,synthetic,toy_mixture_interactions_v1_seed42,toy_composition_v1_seed43
HEA_0529,20.08,17.65,27.69,29.06,5.52,1663.72,441.51,966.85,synthetic,toy_mixture_interactions_v1_seed42,toy_composition_v1_seed43
HEA_0530,30.66,16.49,17.11,29.74,6.0,1505.12,457.07,1131.24,synthetic,toy_mixture_interactions_v1_seed42,toy_composition_v1_seed43
HEA_0531,15.52,30.04,18.5,23.91,12.03,1682.67,357.28,982.78,synthetic,toy_mixture_interactions_v1_seed42,toy_composition_v1_seed43
HEA_0532,21.24,14.21,26.31,11.73,26.51,1653.44,426.62,1104.07,synthetic,toy_mixture_interactions_v1_seed42,toy_composition_v1_seed43
HEA_0533,23.63,34.54,13.88,10.82,17.13,1560.53,421.6,1076.57,synthetic,toy_mixture_interactions_v1_seed42,toy_composition_v1_seed43
HEA_0534,12.29,33.03,14.5,25.6,14.58,1693.01,329.92,811.97,synthetic,toy_mixture_interactions_v1_seed42,toy_composition_v1_seed43
HEA_0535,10.51,9.61,29.63,18.85,31.4,1803.17,379.37,949.77,synthetic,toy_mixture_interactions_v1_seed42,toy_composition_v1_seed43
HEA_0536,30.12,10.04,15.01,30.43,14.4,1558.99,465.71,1063.86,synthetic,toy_mixture_interactions_v1_seed42,toy_composition_v1_seed43
HEA_0537,19.81,8.28,33.01,23.77,15.13,1737.69,406.33,963.71,synthetic,toy_mixture_interactions_v1_seed42,toy_composition_v1_seed43
HEA_0538,16.88,24.38,25.15,25.7,7.89,1742.39,387.75,1052.79,synthetic,toy_mixture_interactions_v1_seed42,toy_composition_v1_seed43
HEA_0539,19.28,21.77,12.66,24.11,22.18,1576.35,407.21,987.34,synthetic,toy_mixture_interactions_v1_seed42,toy_composition_v1_seed43
HEA_0540,21.42,12.85,31.76,14.51,19.46,1684.72,431.8,1111.65,synthetic,toy_mixture_interactions_v1_seed42,toy_composition_v1_seed43
HEA_0541,13.79,25.98,21.82,16.5,21.91,1739.08,383.01,890.9,synthetic,toy_mixture_interactions_v1_seed42,toy_composition_v1_seed43
HEA_0542,18.86,12.44,16.69,22.59,29.42,1629.95,387.86,973.72,synthetic,toy_mixture_interactions_v1_seed42,toy_composition_v1_seed43
HEA_0543,22.5,28.17,21.32,16.1,11.91,1631.23,431.64,964.84,synthetic,toy_mixture_interactions_v1_seed42,toy_composition_v1_seed43
HEA_0544,19.87,12.05,27.2,20.21,20.67,1690.06,394.98,1025.38,synthetic,toy_mixture_interactions_v1_seed42,toy_composition_v1_seed43
HEA_0545,9.73,24.87,32.85,13.62,18.93,1809.79,331.64,927.03,synthetic,toy_mixture_interactions_v1_seed42,toy_composition_v1_seed43
HEA_0546,26.62,28.14,12.89,25.07,7.28,1539.72,458.57,1116.04,synthetic,toy_mixture_interactions_v1_seed42,toy_composition_v1_seed43
HEA_0547,26.98,13.72,24.76,26.35,8.19,1605.57,474.07,1099.31,synthetic,toy_mixture_interactions_v1_seed42,toy_composition_v1_seed43
HEA_0548,14.93,29.12,25.91,10.83,19.21,1712.82,378.16,982.16,synthetic,toy_mixture_interactions_v1_seed42,toy_composition_v1_seed43
HEA_0549,16.89,23.79,10.35,16.53,32.44,1620.12,375.43,1025.39,synthetic,toy_mixture_interactions_v1_seed42,toy_composition_v1_seed43
HEA_0550,22.58,31.59,15.7,12.25,17.88,1589.52,420.58,994.27,synthetic,toy_mixture_interactions_v1_seed42,toy_composition_v1_seed43
HEA_0551,6.16,30.96,32.48,15.03,15.37,1847.84,342.65,779.42,synthetic,toy_mixture_interactions_v1_seed42,toy_composition_v1_seed43
HEA_0552,9.76,19.24,14.78,34.36,21.86,1759.33,322.29,750.25,synthetic,toy_mixture_interactions_v1_seed42,toy_composition_v1_seed43
HEA_0553,31.26,7.7,13.63,22.91,24.5,1493.85,464.76,1240.86,synthetic,toy_mixture_interactions_v1_seed42,toy_composition_v1_seed43
HEA_0554,5.53,31.02,22.49,13.09,27.87,1802.23,318.18,802.76,synthetic,toy_mixture_interactions_v1_seed42,toy_composition_v1_seed43
HEA_0555,12.44,16.41,31.31,18.32,21.52,1781.1,417.48,976.47,synthetic,toy_mixture_interactions_v1_seed42,toy_composition_v1_seed43
HEA_0556,19.34,18.86,10.67,26.27,24.86,1577.25,364.54,971.18,synthetic,toy_mixture_interactions_v1_seed42,toy_composition_v1_seed43
HEA_0557,12.87,22.08,27.73,20.14,17.18,1776.39,351.88,945.14,synthetic,toy_mixture_interactions_v1_seed42,toy_composition_v1_seed43
HEA_0558,18.69,20.92,5.38,26.42,28.59,1567.14,348.79,935.63,synthetic,toy_mixture_interactions_v1_seed42,toy_composition_v1_seed43
HEA_0559,23.45,22.97,14.3,21.6,17.68,1574.91,410.06,963.0,synthetic,toy_mixture_interactions_v1_seed42,toy_composition_v1_seed43
HEA_0560,18.87,21.45,13.55,18.54,27.59,1598.18,415.77,945.12,synthetic,toy_mixture_interactions_v1_seed42,toy_composition_v1_seed43
HEA_0561,28.08,11.83,30.77,9.56,19.76,1611.46,493.21,1142.44,synthetic,toy_mixture_interactions_v1_seed42,toy_composition_v1_seed43
HEA_0562,8.28,33.5,22.57,18.88,16.77,1789.66,338.24,865.97,synthetic,toy_mixture_interactions_v1_seed42,toy_composition_v1_seed43
HEA_0563,25.52,29.65,7.09,11.98,25.76,1480.04,424.86,1065.8,synthetic,toy_mixture_interactions_v1_seed42,toy_composition_v1_seed43
HEA_0564,13.0,21.95,21.44,26.9,16.71,1730.93,392.48,1057.27,synthetic,toy_mixture_interactions_v1_seed42,toy_composition_v1_seed43
HEA_0565,18.17,11.77,34.23,27.19,8.64,1742.36,411.89,911.34,synthetic,toy_mixture_interactions_v1_seed42,toy_composition_v1_seed43
HEA_0566,25.42,15.93,11.19,27.28,20.18,1499.67,435.83,1056.62,synthetic,toy_mixture_interactions_v1_seed42,toy_composition_v1_seed43
HEA_0567,30.93,11.84,26.52,16.28,14.43,1568.99,524.25,1231.68,synthetic,toy_mixture_interactions_v1_seed42,toy_composition_v1_seed43
HEA_0568,28.95,19.06,13.79,20.99,17.21,1496.84,470.92,1149.83,synthetic,toy_mixture_interactions_v1_seed42,toy_composition_v1_seed43
HEA_0569,10.31,26.9,12.16,22.23,28.4,1676.49,324.67,789.5,synthetic,toy_mixture_interactions_v1_seed42,toy_composition_v1_seed43
HEA_0570,22.03,29.01,21.89,19.03,8.04,1627.01,407.14,1105.35,synthetic,toy_mixture_interactions_v1_seed42,toy_composition_v1_seed43
HEA_0571,12.08,19.02,22.54,26.09,20.27,1720.99,324.11,999.15,synthetic,toy_mixture_interactions_v1_seed42,toy_composition_v1_seed43
HEA_0572,15.73,28.51,14.8,13.1,27.86,1667.01,397.08,1017.1,synthetic,toy_mixture_interactions_v1_seed42,toy_composition_v1_seed43
HEA_0573,10.37,9.76,24.74,31.13,24.0,1783.56,329.94,893.29,synthetic,toy_mixture_interactions_v1_seed42,toy_composition_v1_seed43
HEA_0574,22.86,20.0,18.0,14.31,24.83,1586.51,448.08,1069.67,synthetic,toy_mixture_interactions_v1_seed42,toy_composition_v1_seed43
HEA_0575,24.24,15.48,27.37,12.4,20.51,1604.72,425.06,1129.92,synthetic,toy_mixture_interactions_v1_seed42,toy_composition_v1_seed43
HEA_0576,13.52,18.86,28.19,23.19,16.24,1740.79,377.06,991.92,synthetic,toy_mixture_interactions_v1_seed42,toy_composition_v1_seed43
HEA_0577,27.52,11.41,26.09,11.66,23.32,1567.89,459.48,1142.17,synthetic,toy_mixture_interactions_v1_seed42,toy_composition_v1_seed43
HEA_0578,10.52,18.62,32.96,11.81,26.09,1766.96,346.06,947.39,synthetic,toy_mixture_interactions_v1_seed42,toy_composition_v1_seed43
HEA_0579,10.12,14.53,15.57,30.71,29.07,1736.7,323.03,844.14,synthetic,toy_mixture_interactions_v1_seed42,toy_composition_v1_seed43
HEA_0580,13.25,16.92,31.2,17.71,20.92,1770.72,372.73,869.51,synthetic,toy_mixture_interactions_v1_seed42,toy_composition_v1_seed43
HEA_0581,17.05,22.16,12.83,27.47,20.49,1641.75,365.82,858.51,synthetic,toy_mixture_interactions_v1_seed42,toy_composition_v1_seed43
HEA_0582,28.17,15.52,11.66,10.48,34.17,1446.27,453.87,1045.62,synthetic,toy_mixture_interactions_v1_seed42,toy_composition_v1_seed43
HEA_0583,29.27,20.62,15.32,7.29,27.5,1511.66,470.76,1128.84,synthetic,toy_mixture_interactions_v1_seed42,toy_composition_v1_seed43
HEA_0584,14.63,15.14,24.19,21.8,24.24,1703.12,371.88,907.55,synthetic,toy_mixture_interactions_v1_seed42,toy_composition_v1_seed43
HEA_0585,14.46,26.38,18.28,8.86,32.02,1675.27,359.17,872.77,synthetic,toy_mixture_interactions_v1_seed42,toy_composition_v1_seed43
HEA_0586,23.58,14.32,15.24,18.23,28.63,1546.98,403.72,1130.15,synthetic,toy_mixture_interactions_v1_seed42,toy_composition_v1_seed43
HEA_0587,15.37,20.56,13.68,22.64,27.75,1639.78,358.62,832.54,synthetic,toy_mixture_interactions_v1_seed42,toy_composition_v1_seed43
HEA_0588,31.73,10.7,13.3,17.56,26.71,1457.24,516.76,1167.84,synthetic,toy_mixture_interactions_v1_seed42,toy_composition_v1_seed43
HEA_0589,8.72,33.0,31.07,10.18,17.03,1798.67,366.97,918.11,synthetic,toy_mixture_interactions_v1_seed42,toy_composition_v1_seed43
HEA_0590,11.35,11.14,29.37,18.89,29.25,1779.61,323.46,938.07,synthetic,toy_mixture_interactions_v1_seed42,toy_composition_v1_seed43
HEA_0591,8.3,29.63,13.28,29.36,19.43,1728.68,325.97,837.67,synthetic,toy_mixture_interactions_v1_seed42,toy_composition_v1_seed43
HEA_0592,9.51,19.98,19.65,16.12,34.74,1727.73,312.95,844.0,synthetic,toy_mixture_interactions_v1_seed42,toy_composition_v1_seed43
HEA_0593,18.37,28.49,15.1,20.54,17.5,1624.48,371.66,928.38,synthetic,toy_mixture_interactions_v1_seed42,toy_composition_v1_seed43
HEA_0594,20.94,17.73,8.94,32.69,19.7,1574.12,372.72,943.06,synthetic,toy_mixture_interactions_v1_seed42,toy_composition_v1_seed43
HEA_0595,26.94,32.95,10.17,16.54,13.4,1506.08,452.53,954.39,synthetic,toy_mixture_interactions_v1_seed42,toy_composition_v1_seed43
HEA_0596,12.66,26.29,15.98,28.43,16.64,1712.22,333.45,886.2,synthetic,toy_mixture_interactions_v1_seed42,toy_composition_v1_seed43
HEA_0597,5.55,32.98,6.75,20.84,33.88,1723.12,298.52,753.61,synthetic,toy_mixture_interactions_v1_seed42,toy_composition_v1_seed43
HEA_0598,24.57,31.48,18.21,5.12,20.62,1559.35,426.63,1207.88,synthetic,toy_mixture_interactions_v1_seed42,toy_composition_v1_seed43
HEA_0599,20.17,15.81,15.69,25.66,22.67,1623.14,410.65,1040.7,synthetic,toy_mixture_interactions_v1_seed42,toy_composition_v1_seed43
HEA_0600,33.61,13.5,26.33,12.17,14.39,1540.88,485.56,1143.01,synthetic,toy_mixture_interactions_v1_seed42,toy_composition_v1_seed43
HEA_0601,15.54,27.1,27.27,12.11,17.98,1700.87,406.81,1048.18,synthetic,toy_mixture_interactions_v1_seed42,toy_composition_v1_seed43
HEA_0602,12.33,12.29,26.6,18.81,29.97,1721.42,375.37,934.94,synthetic,toy_mixture_interactions_v1_seed42,toy_composition_v1_seed43
HEA_0603,26.81,30.21,12.13,13.33,17.52,1512.18,436.26,1067.57,synthetic,toy_mixture_interactions_v1_seed42,toy_composition_v1_seed43
HEA_0604,14.07,26.31,33.62,16.1,9.9,1786.63,398.3,909.1,synthetic,toy_mixture_interactions_v1_seed42,toy_composition_v1_seed43
HEA_0605,15.77,29.79,16.71,18.02,19.71,1676.04,391.68,928.61,synthetic,toy_mixture_interactions_v1_seed42,toy_composition_v1_seed43
HEA_0606,17.89,15.59,25.39,22.31,18.82,1696.31,373.2,1039.4,synthetic,toy_mixture_interactions_v1_seed42,toy_composition_v1_seed43
HEA_0607,16.93,19.8,24.24,18.05,20.98,1699.31,406.97,944.18,synthetic,toy_mixture_interactions_v1_seed42,toy_composition_v1_seed43
HEA_0608,24.9,9.65,16.2,34.94,14.31,1587.45,425.11,970.03,synthetic,toy_mixture_interactions_v1_seed42,toy_composition_v1_seed43
HEA_0609,8.82,30.24,10.0,24.26,26.68,1706.35,303.39,893.88,synthetic,toy_mixture_interactions_v1_seed42,toy_composition_v1_seed43
HEA_0610,17.29,14.04,19.71,30.69,18.27,1646.57,389.56,916.03,synthetic,toy_mixture_interactions_v1_seed42,toy_composition_v1_seed43
HEA_0611,16.75,22.26,7.7,32.59,20.7,1620.47,358.42,966.72,synthetic,toy_mixture_interactions_v1_seed42,toy_composition_v1_seed43
HEA_0612,13.79,14.48,16.25,28.51,26.97,1654.57,356.51,936.43,synthetic,toy_mixture_interactions_v1_seed42,toy_composition_v1_seed43
HEA_0613,22.45,23.28,24.45,14.57,15.25,1618.02,430.79,1162.61,synthetic,toy_mixture_interactions_v1_seed42,toy_composition_v1_seed43
HEA_0614,18.13,23.16,19.19,14.57,24.95,1638.6,406.98,1071.8,synthetic,toy_mixture_interactions_v1_seed42,toy_composition_v1_seed43
HEA_0615,15.67,26.11,29.6,12.72,15.9,1728.85,365.99,949.86,synthetic,toy_mixture_interactions_v1_seed42,toy_composition_v1_seed43
HEA_0616,19.59,26.52,18.17,11.37,24.35,1618.91,433.95,1018.88,synthetic,toy_mixture_interactions_v1_seed42,toy_composition_v1_seed43
HEA_0617,25.95,13.3,23.03,11.87,25.85,1595.73,493.39,1015.07,synthetic,toy_mixture_interactions_v1_seed42,toy_composition_v1_seed43
HEA_0618,27.97,26.66,14.27,11.12,19.98,1518.75,471.26,1101.63,synthetic,toy_mixture_interactions_v1_seed42,toy_composition_v1_seed43
HEA_0619,31.47,14.65,8.92,23.69,21.27,1435.42,455.74,1098.42,synthetic,toy_mixture_interactions_v1_seed42,toy_composition_v1_seed43
HEA_0620,18.94,28.7,19.12,13.11,20.13,1644.69,392.32,939.58,synthetic,toy_mixture_interactions_v1_seed42,toy_composition_v1_seed43
HEA_0621,18.73,33.48,5.35,16.83,25.61,1543.61,369.2,1009.33,synthetic,toy_mixture_interactions_v1_seed42,toy_composition_v1_seed43
HEA_0622,16.0,12.23,14.9,22.79,34.08,1650.77,376.67,877.92,synthetic,toy_mixture_interactions_v1_seed42,toy_composition_v1_seed43
HEA_0623,17.93,17.4,20.16,27.16,17.35,1649.84,371.58,1014.6,synthetic,toy_mixture_interactions_v1_seed42,toy_composition_v1_seed43
HEA_0624,27.12,15.44,19.32,17.96,20.16,1553.25,428.69,1079.39,synthetic,toy_mixture_interactions_v1_seed42,toy_composition_v1_seed43
HEA_0625,31.38,17.19,15.81,14.77,20.85,1487.93,502.71,1137.85,synthetic,toy_mixture_interactions_v1_seed42,toy_composition_v1_seed43
HEA_0626,15.38,25.03,13.45,17.99,28.15,1657.48,378.11,915.92,synthetic,toy_mixture_interactions_v1_seed42,toy_composition_v1_seed43
HEA_0627,16.61,5.9,19.53,34.06,23.9,1667.95,391.78,979.36,synthetic,toy_mixture_interactions_v1_seed42,toy_composition_v1_seed43
HEA_0628,26.63,28.45,6.64,15.38,22.9,1449.51,407.57,1110.03,synthetic,toy_mixture_interactions_v1_seed42,toy_composition_v1_seed43
HEA_0629,22.31,14.67,21.54,27.21,14.27,1667.31,414.04,1068.0,synthetic,toy_mixture_interactions_v1_seed42,toy_composition_v1_seed43
HEA_0630,13.04,26.98,21.29,15.5,23.19,1717.77,371.21,874.55,synthetic,toy_mixture_interactions_v1_seed42,toy_composition_v1_seed43
HEA_0631,32.82,17.8,5.62,16.87,26.89,1378.09,505.8,1213.95,synthetic,toy_mixture_interactions_v1_seed42,toy_composition_v1_seed43
HEA_0632,34.24,18.17,26.45,12.94,8.2,1517.76,527.33,1326.55,synthetic,toy_mixture_interactions_v1_seed42,toy_composition_v1_seed43
HEA_0633,16.5,6.78,19.33,31.29,26.1,1673.88,358.06,911.3,synthetic,toy_mixture_interactions_v1_seed42,toy_composition_v1_seed43
HEA_0634,13.32,15.99,32.67,15.8,22.22,1778.55,389.67,1073.65,synthetic,toy_mixture_interactions_v1_seed42,toy_composition_v1_seed43
HEA_0635,26.82,7.45,18.02,13.55,34.16,1514.09,496.11,1221.49,synthetic,toy_mixture_interactions_v1_seed42,toy_composition_v1_seed43
HEA_0636,25.25,8.76,23.38,8.95,33.66,1560.54,458.49,1247.68,synthetic,toy_mixture_interactions_v1_seed42,toy_composition_v1_seed43
HEA_0637,12.88,27.34,28.31,12.57,18.9,1745.18,351.15,954.52,synthetic,toy_mixture_interactions_v1_seed42,toy_composition_v1_seed43
HEA_0638,10.71,15.63,34.53,12.09,27.04,1800.73,383.6,988.29,synthetic,toy_mixture_interactions_v1_seed42,toy_composition_v1_seed43
HEA_0639,17.85,16.34,31.28,16.64,17.89,1733.01,434.04,994.85,synthetic,toy_mixture_interactions_v1_seed42,toy_composition_v1_seed43
HEA_0640,34.61,13.54,23.07,6.79,21.99,1498.05,493.82,1233.26,synthetic,toy_mixture_interactions_v1_seed42,toy_composition_v1_seed43
HEA_0641,22.88,14.66,26.81,24.83,10.82,1669.77,462.96,1090.45,synthetic,toy_mixture_interactions_v1_seed42,toy_composition_v1_seed43
HEA_0642,9.99,16.8,34.48,16.76,21.97,1824.92,322.94,994.97,synthetic,toy_mixture_interactions_v1_seed42,toy_composition_v1_seed43
HEA_0643,8.09,30.45,24.91,20.12,16.43,1770.46,332.51,875.94,synthetic,toy_mixture_interactions_v1_seed42,toy_composition_v1_seed43
HEA_0644,15.08,14.33,20.39,32.06,18.14,1694.9,405.64,902.5,synthetic,toy_mixture_interactions_v1_seed42,toy_composition_v1_seed43
HEA_0645,22.58,25.97,21.98,16.07,13.4,1634.89,447.36,1015.89,synthetic,toy_mixture_interactions_v1_seed42,toy_composition_v1_seed43
HEA_0646,8.67,34.32,13.85,25.81,17.35,1749.93,357.99,817.53,synthetic,toy_mixture_interactions_v1_seed42,toy_composition_v1_seed43
HEA_0647,16.15,32.19,29.64,9.9,12.12,1731.51,398.44,1122.84,synthetic,toy_mixture_interactions_v1_seed42,toy_composition_v1_seed43
HEA_0648,12.3,17.18,33.9,15.56,21.06,1812.17,362.81,956.84,synthetic,toy_mixture_interactions_v1_seed42,toy_composition_v1_seed43
HEA_0649,12.97,22.66,10.68,29.57,24.12,1672.27,361.3,780.74,synthetic,toy_mixture_interactions_v1_seed42,toy_composition_v1_seed43
HEA_0650,13.95,12.34,23.5,27.59,22.62,1726.11,363.75,899.89,synthetic,toy_mixture_interactions_v1_seed42,toy_composition_v1_seed43
HEA_0651,16.19,33.67,19.91,22.56,7.67,1688.55,425.98,923.05,synthetic,toy_mixture_interactions_v1_seed42,toy_composition_v1_seed43
HEA_0652,11.35,29.2,18.72,33.06,7.67,1772.36,399.62,755.79,synthetic,toy_mixture_interactions_v1_seed42,toy_composition_v1_seed43
HEA_0653,11.15,12.13,30.98,18.75,26.99,1789.11,344.49,1012.29,synthetic,toy_mixture_interactions_v1_seed42,toy_composition_v1_seed43
HEA_0654,16.91,17.6,17.81,30.85,16.83,1649.92,375.49,1034.11,synthetic,toy_mixture_interactions_v1_seed42,toy_composition_v1_seed43
HEA_0655,13.05,22.2,22.88,11.08,30.79,1705.39,350.85,901.34,synthetic,toy_mixture_interactions_v1_seed42,toy_composition_v1_seed43
HEA_0656,30.06,5.89,14.98,21.24,27.83,1483.96,411.52,1095.85,synthetic,toy_mixture_interactions_v1_seed42,toy_composition_v1_seed43
HEA_0657,27.68,12.31,25.35,23.71,10.95,1606.99,448.92,1066.94,synthetic,toy_mixture_interactions_v1_seed42,toy_composition_v1_seed43
HEA_0658,18.02,12.78,12.3,28.9,28.0,1596.31,393.14,1010.19,synthetic,toy_mixture_interactions_v1_seed42,toy_composition_v1_seed43
HEA_0659,15.88,19.55,26.98,22.09,15.5,1722.23,416.12,934.14,synthetic,toy_mixture_interactions_v1_seed42,toy_composition_v1_seed43
HEA_0660,31.04,19.75,25.96,15.74,7.51,1576.98,434.45,1119.41,synthetic,toy_mixture_interactions_v1_seed42,toy_composition_v1_seed43
HEA_0661,27.28,10.83,30.11,18.58,13.2,1622.64,469.02,1014.31,synthetic,toy_mixture_interactions_v1_seed42,toy_composition_v1_seed43
HEA_0662,26.93,13.82,22.87,23.22,13.16,1576.96,432.1,1124.73,synthetic,toy_mixture_interactions_v1_seed42,toy_composition_v1_seed43
HEA_0663,12.31,21.54,18.97,32.42,14.76,1719.81,365.47,739.94,synthetic,toy_mixture_interactions_v1_seed42,toy_composition_v1_seed43
HEA_0664,27.88,33.28,13.87,16.21,8.76,1521.45,449.69,1084.64,synthetic,toy_mixture_interactions_v1_seed42,toy_composition_v1_seed43
HEA_0665,6.5,18.7,32.04,21.65,21.11,1855.47,317.22,909.99,synthetic,toy_mixture_interactions_v1_seed42,toy_composition_v1_seed43
HEA_0666,12.91,8.84,33.88,18.8,25.57,1795.88,394.89,968.27,synthetic,toy_mixture_interactions_v1_seed42,toy_composition_v1_seed43
HEA_0667,21.41,26.21,28.77,13.48,10.13,1674.04,429.97,1052.33,synthetic,toy_mixture_interactions_v1_seed42,toy_composition_v1_seed43
HEA_0668,24.23,12.26,19.33,12.84,31.34,1572.18,414.98,1167.83,synthetic,toy_mixture_interactions_v1_seed42,toy_composition_v1_seed43
HEA_0669,15.78,13.67,22.77,27.73,20.05,1699.13,372.93,769.5,synthetic,toy_mixture_interactions_v1_seed42,toy_composition_v1_seed43
HEA_0670,10.74,13.44,32.27,27.86,15.69,1780.64,354.5,758.57,synthetic,toy_mixture_interactions_v1_seed42,toy_composition_v1_seed43
HEA_0671,16.16,24.74,12.96,19.59,26.55,1620.84,367.66,1079.18,synthetic,toy_mixture_interactions_v1_seed42,toy_composition_v1_seed43
HEA_0672,17.94,33.92,17.6,19.66,10.88,1647.41,409.04,949.34,synthetic,toy_mixture_interactions_v1_seed42,toy_composition_v1_seed43
HEA_0673,21.77,28.72,11.8,15.98,21.73,1541.85,396.83,1134.32,synthetic,toy_mixture_interactions_v1_seed42,toy_composition_v1_seed43
HEA_0674,24.28,17.06,16.57,20.67,21.42,1577.88,453.57,982.05,synthetic,toy_mixture_interactions_v1_seed42,toy_composition_v1_seed43
HEA_0675,8.41,10.73,27.36,26.84,26.66,1814.71,350.16,812.27,synthetic,toy_mixture_interactions_v1_seed42,toy_composition_v1_seed43
HEA_0676,14.59,28.65,26.95,7.37,22.44,1683.54,399.22,967.3,synthetic,toy_mixture_interactions_v1_seed42,toy_composition_v1_seed43
HEA_0677,30.11,13.5,17.32,21.55,17.52,1506.98,476.37,1120.16,synthetic,toy_mixture_interactions_v1_seed42,toy_composition_v1_seed43
HEA_0678,23.51,15.69,23.5,21.51,15.79,1641.33,447.52,1057.76,synthetic,toy_mixture_interactions_v1_seed42,toy_composition_v1_seed43
HEA_0679,30.24,19.22,12.75,29.2,8.59,1521.94,426.31,1060.72,synthetic,toy_mixture_interactions_v1_seed42,toy_composition_v1_seed43
HEA_0680,12.27,11.38,24.35,20.68,31.32,1722.68,375.8,856.49,synthetic,toy_mixture_interactions_v1_seed42,toy_composition_v1_seed43
HEA_0681,13.82,24.64,17.34,26.76,17.44,1714.35,331.46,1000.21,synthetic,toy_mixture_interactions_v1_seed42,toy_composition_v1_seed43
HEA_0682,9.58,23.13,25.02,27.19,15.08,1775.28,308.55,857.71,synthetic,toy_mixture_interactions_v1_seed42,toy_composition_v1_seed43
HEA_0683,15.35,34.15,25.46,5.52,19.52,1712.66,404.29,974.06,synthetic,toy_mixture_interactions_v1_seed42,toy_composition_v1_seed43
HEA_0684,7.72,30.63,12.53,25.77,23.35,1741.52,278.48,890.79,synthetic,toy_mixture_interactions_v1_seed42,toy_composition_v1_seed43
HEA_0685,16.44,11.86,32.31,32.57,6.82,1765.75,365.7,899.2,synthetic,toy_mixture_interactions_v1_seed42,toy_composition_v1_seed43
HEA_0686,9.35,28.76,24.51,22.58,14.8,1785.39,379.78,877.9,synthetic,toy_mixture_interactions_v1_seed42,toy_composition_v1_seed43
HEA_0687,16.23,23.16,23.5,26.88,10.23,1714.2,373.75,868.63,synthetic,toy_mixture_interactions_v1_seed42,toy_composition_v1_seed43
HEA_0688,22.85,16.72,23.86,23.71,12.86,1635.48,445.47,1082.63,synthetic,toy_mixture_interactions_v1_seed42,toy_composition_v1_seed43
HEA_0689,29.56,20.46,22.66,19.22,8.1,1551.11,493.13,1092.22,synthetic,toy_mixture_interactions_v1_seed42,toy_composition_v1_seed43
HEA_0690,20.13,25.83,18.06,18.26,17.72,1641.57,426.44,977.89,synthetic,toy_mixture_interactions_v1_seed42,toy_composition_v1_seed43
HEA_0691,6.69,23.6,10.25,33.88,25.58,1741.76,267.69,704.62,synthetic,toy_mixture_interactions_v1_seed42,toy_composition_v1_seed43
HEA_0692,13.87,14.15,25.79,12.3,33.89,1691.3,391.57,1068.13,synthetic,toy_mixture_interactions_v1_seed42,toy_composition_v1_seed43
HEA_0693,27.04,23.24,19.58,6.09,24.05,1558.05,477.76,1172.18,synthetic,toy_mixture_interactions_v1_seed42,toy_composition_v1_seed43
HEA_0694,33.27,5.04,31.47,17.02,13.2,1581.65,523.07,1266.34,synthetic,toy_mixture_interactions_v1_seed42,toy_composition_v1_seed43
HEA_0695,23.42,22.16,5.96,33.81,14.65,1536.35,403.74,975.73,synthetic,toy_mixture_interactions_v1_seed42,toy_composition_v1_seed43
HEA_0696,25.4,27.72,23.22,6.82,16.84,1573.36,448.34,1023.7,synthetic,toy_mixture_interactions_v1_seed42,toy_composition_v1_seed43
HEA_0697,34.12,9.19,17.95,29.02,9.72,1499.21,493.2,1142.5,synthetic,toy_mixture_interactions_v1_seed42,toy_composition_v1_seed43
HEA_0698,32.95,20.19,8.97,22.03,15.86,1440.45,452.46,1158.59,synthetic,toy_mixture_interactions_v1_seed42,toy_composition_v1_seed43
HEA_0699,19.47,14.54,21.03,15.75,29.21,1623.61,415.96,1071.07,synthetic,toy_mixture_interactions_v1_seed42,toy_composition_v1_seed43
HEA_0700,11.38,25.64,15.59,31.72,15.67,1736.02,341.07,866.4,synthetic,toy_mixture_interactions_v1_seed42,toy_composition_v1_seed43
HEA_0701,17.09,13.48,26.48,13.7,29.25,1664.19,417.23,931.46,synthetic,toy_mixture_interactions_v1_seed42,toy_composition_v1_seed43
HEA_0702,17.17,23.1,26.24,18.39,15.1,1708.19,402.19,1046.92,synthetic,toy_mixture_interactions_v1_seed42,toy_composition_v1_seed43
HEA_0703,16.34,24.58,31.02,8.57,19.49,1718.75,424.76,1100.87,synthetic,toy_mixture_interactions_v1_seed42,toy_composition_v1_seed43
HEA_0704,33.54,21.08,10.69,10.7,23.99,1390.48,530.33,1204.05,synthetic,toy_mixture_interactions_v1_seed42,toy_composition_v1_seed43
HEA_0705,10.45,19.13,14.92,22.58,32.92,1727.0,335.13,905.42,synthetic,toy_mixture_interactions_v1_seed42,toy_composition_v1_seed43
HEA_0706,10.0,30.54,19.5,8.1,31.86,1718.29,298.1,875.9,synthetic,toy_mixture_interactions_v1_seed42,toy_composition_v1_seed43
HEA_0707,28.69,15.97,9.01,33.61,12.72,1508.93,457.8,1121.29,synthetic,toy_mixture_interactions_v1_seed42,toy_composition_v1_seed43
HEA_0708,18.21,7.24,28.78,28.57,17.2,1709.89,396.1,1000.42,synthetic,toy_mixture_interactions_v1_seed42,toy_composition_v1_seed43
HEA_0709,25.81,17.94,22.5,5.14,28.61,1562.8,481.78,1130.14,synthetic,toy_mixture_interactions_v1_seed42,toy_composition_v1_seed43
HEA_0710,16.2,24.08,29.87,9.54,20.31,1706.75,414.25,936.07,synthetic,toy_mixture_interactions_v1_seed42,toy_composition_v1_seed43
HEA_0711,34.05,23.68,25.59,8.67,8.01,1506.23,493.48,1301.62,synthetic,toy_mixture_interactions_v1_seed42,toy_composition_v1_seed43
HEA_0712,17.36,33.93,6.78,29.53,12.4,1587.71,329.9,931.55,synthetic,toy_mixture_interactions_v1_seed42,toy_composition_v1_seed43
HEA_0713,24.6,29.85,13.41,15.95,16.19,1553.71,440.18,1119.62,synthetic,toy_mixture_interactions_v1_seed42,toy_composition_v1_seed43
HEA_0714,11.93,12.05,23.63,26.8,25.59,1744.37,369.89,854.3,synthetic,toy_mixture_interactions_v1_seed42,toy_composition_v1_seed43
HEA_0715,30.31,19.51,22.44,9.18,18.56,1516.41,481.35,1088.38,synthetic,toy_mixture_interactions_v1_seed42,toy_composition_v1_seed43
HEA_0716,20.34,18.02,23.35,22.61,15.68,1666.39,391.26,979.17,synthetic,toy_mixture_interactions_v1_seed42,toy_composition_v1_seed43
HEA_0717,21.11,20.23,9.13,26.96,22.57,1564.7,392.14,1038.74,synthetic,toy_mixture_interactions_v1_seed42,toy_composition_v1_seed43
HEA_0718,21.6,20.33,14.72,16.92,26.43,1567.8,417.73,995.14,synthetic,toy_mixture_interactions_v1_seed42,toy_composition_v1_seed43
HEA_0719,32.58,15.3,13.99,11.66,26.47,1469.43,532.9,1305.72,synthetic,toy_mixture_interactions_v1_seed42,toy_composition_v1_seed43
HEA_0720,23.7,23.17,18.81,5.39,28.93,1568.51,447.11,1141.79,synthetic,toy_mixture_interactions_v1_seed42,toy_composition_v1_seed43
HEA_0721,16.64,16.0,24.88,26.61,15.87,1695.26,381.51,942.63,synthetic,toy_mixture_interactions_v1_seed42,toy_composition_v1_seed43
HEA_0722,12.64,33.4,19.03,15.9,19.03,1689.09,359.82,956.18,synthetic,toy_mixture_interactions_v1_seed42,toy_composition_v1_seed43
HEA_0723,22.73,10.74,25.68,20.15,20.7,1661.27,403.4,1051.1,synthetic,toy_mixture_interactions_v1_seed42,toy_composition_v1_seed43
HEA_0724,6.35,32.85,34.36,11.29,15.15,1847.62,332.53,827.67,synthetic,toy_mixture_interactions_v1_seed42,toy_composition_v1_seed43
HEA_0725,19.09,28.28,7.3,25.11,20.22,1589.59,374.19,960.14,synthetic,toy_mixture_interactions_v1_seed42,toy_composition_v1_seed43
HEA_0726,26.82,14.88,18.77,28.65,10.88,1567.84,434.18,1151.27,synthetic,toy_mixture_interactions_v1_seed42,toy_composition_v1_seed43
HEA_0727,17.21,17.51,22.6,31.51,11.17,1697.21,400.48,881.89,synthetic,toy_mixture_interactions_v1_seed42,toy_composition_v1_seed43
HEA_0728,32.64,25.55,7.93,28.35,5.53,1482.34,444.23,1060.11,synthetic,toy_mixture_interactions_v1_seed42,toy_composition_v1_seed43
HEA_0729,13.38,24.86,28.85,10.31,22.6,1742.39,401.33,1075.92,synthetic,toy_mixture_interactions_v1_seed42,toy_composition_v1_seed43
HEA_0730,16.92,18.49,10.1,29.97,24.52,1599.83,365.58,1013.45,synthetic,toy_mixture_interactions_v1_seed42,toy_composition_v1_seed43
HEA_0731,16.55,25.75,32.41,11.99,13.3,1744.67,418.98,1074.56,synthetic,toy_mixture_interactions_v1_seed42,toy_composition_v1_seed43
HEA_0732,22.3,30.02,20.76,16.98,9.94,1625.64,422.06,1085.86,synthetic,toy_mixture_interactions_v1_seed42,toy_composition_v1_seed43
HEA_0733,14.25,24.04,6.38,20.71,34.62,1618.16,373.2,1058.76,synthetic,toy_mixture_interactions_v1_seed42,toy_composition_v1_seed43
HEA_0734,22.3,26.44,22.82,6.97,21.47,1616.62,450.3,1063.91,synthetic,toy_mixture_interactions_v1_seed42,toy_composition_v1_seed43
HEA_0735,27.78,19.35,19.5,16.8,16.57,1550.24,445.95,1112.49,synthetic,toy_mixture_interactions_v1_seed42,toy_composition_v1_seed43
HEA_0736,20.8,22.57,20.23,18.69,17.71,1667.7,470.28,1031.28,synthetic,toy_mixture_interactions_v1_seed42,toy_composition_v1_seed43
HEA_0737,8.51,33.13,6.24,20.76,31.36,1678.83,306.14,794.8,synthetic,toy_mixture_interactions_v1_seed42,toy_composition_v1_seed43
HEA_0738,5.22,23.31,33.9,28.5,9.07,1873.27,330.16,822.05,synthetic,toy_mixture_interactions_v1_seed42,toy_composition_v1_seed43
HEA_0739,34.8,17.18,25.61,11.54,10.87,1513.52,509.2,1252.36,synthetic,toy_mixture_interactions_v1_seed42,toy_composition_v1_seed43
HEA_0740,19.86,18.93,28.96,17.76,14.49,1677.98,429.22,1058.01,synthetic,toy_mixture_interactions_v1_seed42,toy_composition_v1_seed43
HEA_0741,18.43,30.25,17.54,25.78,8.0,1649.62,426.2,945.73,synthetic,toy_mixture_interactions_v1_seed42,toy_composition_v1_seed43
HEA_0742,14.8,18.8,19.84,15.25,31.31,1671.54,385.75,943.89,synthetic,toy_mixture_interactions_v1_seed42,toy_composition_v1_seed43
HEA_0743,26.92,21.02,22.72,7.36,21.98,1547.44,461.61,1165.59,synthetic,toy_mixture_interactions_v1_seed42,toy_composition_v1_seed43
HEA_0744,8.6,33.86,33.96,5.39,18.19,1815.15,330.55,906.5,synthetic,toy_mixture_interactions_v1_seed42,toy_composition_v1_seed43
HEA_0745,26.85,25.38,18.25,13.53,15.99,1523.51,473.23,1174.66,synthetic,toy_mixture_interactions_v1_seed42,toy_composition_v1_seed43
HEA_0746,23.89,24.17,6.69,33.58,11.67,1541.72,422.06,1008.89,synthetic,toy_mixture_interactions_v1_seed42,toy_composition_v1_seed43
HEA_0747,34.64,6.76,27.92,13.97,16.71,1555.01,506.75,1226.94,synthetic,toy_mixture_interactions_v1_seed42,toy_composition_v1_seed43
HEA_0748,27.56,23.03,6.83,8.8,33.78,1450.8,477.2,1212.72,synthetic,toy_mixture_interactions_v1_seed42,toy_composition_v1_seed43
HEA_0749,20.22,26.12,34.26,11.02,8.38,1685.62,462.08,980.67,synthetic,toy_mixture_interactions_v1_seed42,toy_composition_v1_seed43
HEA_0750,27.44,21.68,10.09,11.84,28.95,1476.33,454.99,1033.34,synthetic,toy_mixture_interactions_v1_seed42,toy_composition_v1_seed43
HEA_0751,11.68,28.02,17.15,25.69,17.46,1723.85,376.71,922.01,synthetic,toy_mixture_interactions_v1_seed42,toy_composition_v1_seed43
HEA_0752,19.83,20.72,7.85,34.84,16.76,1582.01,354.62,894.21,synthetic,toy_mixture_interactions_v1_seed42,toy_composition_v1_seed43
HEA_0753,10.01,23.53,27.98,17.11,21.37,1754.51,351.23,806.2,synthetic,toy_mixture_interactions_v1_seed42,toy_composition_v1_seed43
HEA_0754,19.99,23.83,6.54,33.24,16.4,1553.46,393.06,912.51,synthetic,toy_mixture_interactions_v1_seed42,toy_composition_v1_seed43
HEA_0755,18.73,25.42,34.52,15.01,6.32,1712.21,418.3,1102.06,synthetic,toy_mixture_interactions_v1_seed42,toy_composition_v1_seed43
HEA_0756,14.71,12.99,28.54,22.42,21.34,1762.0,361.49,919.24,synthetic,toy_mixture_interactions_v1_seed42,toy_composition_v1_seed43
HEA_0757,30.66,24.28,13.07,21.97,10.02,1523.37,467.16,1134.5,synthetic,toy_mixture_interactions_v1_seed42,toy_composition_v1_seed43
HEA_0758,28.05,5.54,25.5,15.38,25.53,1577.68,487.2,1297.34,synthetic,toy_mixture_interactions_v1_seed42,toy_composition_v1_seed43
HEA_0759,17.34,13.3,20.91,24.57,23.88,1652.73,370.31,901.16,synthetic,toy_mixture_interactions_v1_seed42,toy_composition_v1_seed43
HEA_0760,16.78,19.38,15.93,19.59,28.32,1636.14,375.61,918.95,synthetic,toy_mixture_interactions_v1_seed42,toy_composition_v1_seed43
HEA_0761,20.77,15.71,20.75,32.96,9.81,1632.85,434.03,1019.81,synthetic,toy_mixture_interactions_v1_seed42,toy_composition_v1_seed43
HEA_0762,31.38,15.93,24.03,11.7,16.96,1520.23,483.46,1147.78,synthetic,toy_mixture_interactions_v1_seed42,toy_composition_v1_seed43
HEA_0763,6.75,26.07,26.65,28.49,12.04,1848.69,298.71,996.9,synthetic,toy_mixture_interactions_v1_seed42,toy_composition_v1_seed43
HEA_0764,24.05,26.67,16.1,10.63,22.55,1537.45,416.71,1079.09,synthetic,toy_mixture_interactions_v1_seed42,toy_composition_v1_seed43
HEA_0765,19.38,14.5,10.57,28.88,26.67,1593.16,402.67,985.21,synthetic,toy_mixture_interactions_v1_seed42,toy_composition_v1_seed43
HEA_0766,24.04,10.07,13.36,34.95,17.58,1552.8,420.45,1045.72,synthetic,toy_mixture_interactions_v1_seed42,toy_composition_v1_seed43
HEA_0767,18.68,23.02,6.82,31.65,19.83,1584.0,359.08,872.6,synthetic,toy_mixture_interactions_v1_seed42,toy_composition_v1_seed43
HEA_0768,29.29,15.77,14.48,22.9,17.56,1519.46,464.24,990.59,synthetic,toy_mixture_interactions_v1_seed42,toy_composition_v1_seed43
HEA_0769,27.49,12.93,25.59,13.61,20.38,1574.22,467.08,1146.01,synthetic,toy_mixture_interactions_v1_seed42,toy_composition_v1_seed43
HEA_0770,34.14,16.19,9.27,23.46,16.94,1402.54,484.78,1203.95,synthetic,toy_mixture_interactions_v1_seed42,toy_composition_v1_seed43
HEA_0771,12.35,29.38,26.22,12.97,19.08,1749.32,394.98,960.05,synthetic,toy_mixture_interactions_v1_seed42,toy_composition_v1_seed43
HEA_0772,16.52,6.96,28.87,14.24,33.41,1701.21,425.8,892.52,synthetic,toy_mixture_interactions_v1_seed42,toy_composition_v1_seed43
HEA_0773,6.7,13.92,28.32,29.16,21.9,1883.76,280.11,769.9,synthetic,toy_mixture_interactions_v1_seed42,toy_composition_v1_seed43
HEA_0774,14.11,20.23,22.94,20.69,22.03,1729.45,393.12,967.62,synthetic,toy_mixture_interactions_v1_seed42,toy_composition_v1_seed43
HEA_0775,29.42,29.99,13.85,11.19,15.55,1491.01,467.32,1121.09,synthetic,toy_mixture_interactions_v1_seed42,toy_composition_v1_seed43
HEA_0776,12.16,29.55,24.53,21.85,11.91,1761.26,333.81,950.7,synthetic,toy_mixture_interactions_v1_seed42,toy_composition_v1_seed43
HEA_0777,7.47,27.99,25.52,28.28,10.74,1831.86,334.13,868.22,synthetic,toy_mixture_interactions_v1_seed42,toy_composition_v1_seed43
HEA_0778,33.48,16.43,20.78,15.77,13.54,1516.14,528.78,1241.74,synthetic,toy_mixture_interactions_v1_seed42,toy_composition_v1_seed43
HEA_0779,31.68,16.91,17.26,16.09,18.06,1488.59,472.1,1212.27,synthetic,toy_mixture_interactions_v1_seed42,toy_composition_v1_seed43
HEA_0780,30.33,19.94,9.53,20.96,19.24,1468.23,430.5,1230.14,synthetic,toy_mixture_interactions_v1_seed42,toy_composition_v1_seed43
HEA_0781,22.45,26.19,12.63,25.37,13.36,1569.48,408.77,992.91,synthetic,toy_mixture_interactions_v1_seed42,toy_composition_v1_seed43
HEA_0782,24.18,17.47,11.37,18.22,28.76,1536.6,430.78,1261.8,synthetic,toy_mixture_interactions_v1_seed42,toy_composition_v1_seed43
HEA_0783,30.95,23.0,13.88,14.15,18.02,1488.21,499.24,1052.15,synthetic,toy_mixture_interactions_v1_seed42,toy_composition_v1_seed43
HEA_0784,17.48,18.79,29.97,20.9,12.86,1727.6,377.03,1015.5,synthetic,toy_mixture_interactions_v1_seed42,toy_composition_v1_seed43
HEA_0785,14.84,19.53,20.17,16.52,28.94,1710.87,409.98,842.88,synthetic,toy_mixture_interactions_v1_seed42,toy_composition_v1_seed43
HEA_0786,12.97,27.36,5.48,26.95,27.24,1609.19,331.54,746.53,synthetic,toy_mixture_interactions_v1_seed42,toy_composition_v1_seed43
HEA_0787,8.08,32.75,24.51,10.4,24.26,1794.41,378.1,876.12,synthetic,toy_mixture_interactions_v1_seed42,toy_composition_v1_seed43
HEA_0788,7.65,18.33,23.61,27.17,23.24,1820.91,306.92,853.57,synthetic,toy_mixture_interactions_v1_seed42,toy_composition_v1_seed43
HEA_0789,15.57,27.47,12.05,26.45,18.46,1650.84,386.28,903.21,synthetic,toy_mixture_interactions_v1_seed42,toy_composition_v1_seed43
HEA_0790,28.25,7.86,30.21,19.72,13.96,1635.5,486.01,1164.64,synthetic,toy_mixture_interactions_v1_seed42,toy_composition_v1_seed43
HEA_0791,32.83,13.45,8.01,26.75,18.96,1436.16,477.83,1172.36,synthetic,toy_mixture_interactions_v1_seed42,toy_composition_v1_seed43
HEA_0792,22.18,26.76,15.73,24.41,10.92,1585.44,447.63,1042.28,synthetic,toy_mixture_interactions_v1_seed42,toy_composition_v1_seed43
HEA_0793,17.3,34.59,5.65,25.06,17.4,1585.4,370.99,870.89,synthetic,toy_mixture_interactions_v1_seed42,toy_composition_v1_seed43
HEA_0794,18.96,20.4,25.44,11.64,23.56,1657.97,392.25,917.58,synthetic,toy_mixture_interactions_v1_seed42,toy_composition_v1_seed43
HEA_0795,17.41,27.2,23.37,11.64,20.38,1688.4,422.32,998.49,synthetic,toy_mixture_interactions_v1_seed42,toy_composition_v1_seed43
HEA_0796,16.09,22.51,17.43,16.63,27.34,1663.2,365.27,943.04,synthetic,toy_mixture_interactions_v1_seed42,toy_composition_v1_seed43
HEA_0797,8.02,26.97,29.61,11.18,24.22,1813.67,313.27,882.49,synthetic,toy_mixture_interactions_v1_seed42,toy_composition_v1_seed43
HEA_0798,15.04,19.98,28.37,14.51,22.1,1739.71,409.47,1016.7,synthetic,toy_mixture_interactions_v1_seed42,toy_composition_v1_seed43
HEA_0799,18.95,21.01,23.23,22.79,14.02,1673.02,398.8,921.42,synthetic,toy_mixture_interactions_v1_seed42,toy_composition_v1_seed43
HEA_0800,28.36,17.98,19.44,20.58,13.64,1552.94,460.51,1120.72,synthetic,toy_mixture_interactions_v1_seed42,toy_composition_v1_seed43
HEA_0801,30.68,12.15,20.87,10.92,25.38,1525.45,501.07,1216.54,synthetic,toy_mixture_interactions_v1_seed42,toy_composition_v1_seed43
HEA_0802,15.96,15.59,28.18,14.85,25.42,1701.21,373.95,960.18,synthetic,toy_mixture_interactions_v1_seed42,toy_composition_v1_seed43
HEA_0803,33.9,17.45,18.95,20.13,9.57,1486.74,490.04,1215.25,synthetic,toy_mixture_interactions_v1_seed42,toy_composition_v1_seed43
HEA_0804,20.81,19.17,17.73,21.51,20.78,1609.3,370.68,951.61,synthetic,toy_mixture_interactions_v1_seed42,toy_composition_v1_seed43
HEA_0805,10.05,19.82,24.72,14.22,31.19,1746.13,345.44,874.4,synthetic,toy_mixture_interactions_v1_seed42,toy_composition_v1_seed43
HEA_0806,28.15,29.89,10.1,7.84,24.02,1450.84,462.64,1109.9,synthetic,toy_mixture_interactions_v1_seed42,toy_composition_v1_seed43
HEA_0807,29.71,16.36,8.81,27.45,17.67,1441.64,482.17,1078.06,synthetic,toy_mixture_interactions_v1_seed42,toy_composition_v1_seed43
HEA_0808,8.49,23.02,8.53,34.05,25.91,1701.88,321.59,855.25,synthetic,toy_mixture_interactions_v1_seed42,toy_composition_v1_seed43
HEA_0809,28.89,10.72,27.63,16.88,15.88,1599.04,473.06,1183.09,synthetic,toy_mixture_interactions_v1_seed42,toy_composition_v1_seed43
HEA_0810,28.39,18.79,12.49,27.03,13.3,1520.34,451.18,1055.64,synthetic,toy_mixture_interactions_v1_seed42,toy_composition_v1_seed43
HEA_0811,17.59,19.68,17.27,30.32,15.14,1692.18,382.5,919.14,synthetic,toy_mixture_interactions_v1_seed42,toy_composition_v1_seed43
HEA_0812,30.48,8.25,29.65,14.93,16.69,1567.53,494.47,1244.37,synthetic,toy_mixture_interactions_v1_seed42,toy_composition_v1_seed43
HEA_0813,24.19,25.85,12.85,31.39,5.72,1543.85,415.64,1005.28,synthetic,toy_mixture_interactions_v1_seed42,toy_composition_v1_seed43
HEA_0814,20.65,28.36,11.08,18.95,20.96,1565.83,381.33,938.47,synthetic,toy_mixture_interactions_v1_seed42,toy_composition_v1_seed43
HEA_0815,16.12,17.76,11.49,31.28,23.35,1633.83,409.76,1019.11,synthetic,toy_mixture_interactions_v1_seed42,toy_composition_v1_seed43
HEA_0816,7.04,34.93,19.08,20.43,18.52,1752.35,293.55,790.38,synthetic,toy_mixture_interactions_v1_seed42,toy_composition_v1_seed43
HEA_0817,13.12,15.53,33.93,16.62,20.8,1761.42,357.95,912.5,synthetic,toy_mixture_interactions_v1_seed42,toy_composition_v1_seed43
HEA_0818,28.11,11.41,28.59,21.49,10.4,1574.47,482.26,1091.95,synthetic,toy_mixture_interactions_v1_seed42,toy_composition_v1_seed43
HEA_0819,24.47,15.45,13.77,27.57,18.74,1531.95,399.95,1045.66,synthetic,toy_mixture_interactions_v1_seed42,toy_composition_v1_seed43
HEA_0820,32.03,13.92,22.41,17.73,13.91,1530.2,488.05,1124.53,synthetic,toy_mixture_interactions_v1_seed42,toy_composition_v1_seed43
HEA_0821,25.75,13.52,32.2,13.36,15.17,1642.17,475.62,1086.27,synthetic,toy_mixture_interactions_v1_seed42,toy_composition_v1_seed43
HEA_0822,18.42,12.01,10.87,32.89,25.81,1602.72,393.24,886.29,synthetic,toy_mixture_interactions_v1_seed42,toy_composition_v1_seed43
HEA_0823,22.29,24.85,16.67,27.71,8.48,1609.54,450.28,1032.79,synthetic,toy_mixture_interactions_v1_seed42,toy_composition_v1_seed43
HEA_0824,30.7,25.86,9.55,21.6,12.29,1479.85,465.78,1202.04,synthetic,toy_mixture_interactions_v1_seed42,toy_composition_v1_seed43
HEA_0825,12.15,18.72,19.78,23.85,25.5,1686.82,368.5,882.67,synthetic,toy_mixture_interactions_v1_seed42,toy_composition_v1_seed43
HEA_0826,21.24,10.06,21.6,20.41,26.69,1649.19,413.19,1114.25,synthetic,toy_mixture_interactions_v1_seed42,toy_composition_v1_seed43
HEA_0827,17.91,24.3,8.4,19.84,29.55,1585.22,370.03,1006.42,synthetic,toy_mixture_interactions_v1_seed42,toy_composition_v1_seed43
HEA_0828,16.19,27.84,14.55,30.64,10.78,1645.09,378.66,938.59,synthetic,toy_mixture_interactions_v1_seed42,toy_composition_v1_seed43
HEA_0829,8.5,11.56,22.48,25.96,31.5,1794.9,343.64,833.55,synthetic,toy_mixture_interactions_v1_seed42,toy_composition_v1_seed43
HEA_0830,16.76,14.17,21.77,27.16,20.14,1699.44,410.19,978.57,synthetic,toy_mixture_interactions_v1_seed42,toy_composition_v1_seed43
HEA_0831,20.87,22.9,10.44,23.27,22.52,1574.88,408.61,1066.66,synthetic,toy_mixture_interactions_v1_seed42,toy_composition_v1_seed43
HEA_0832,9.91,26.57,24.95,20.9,17.67,1786.18,357.44,991.01,synthetic,toy_mixture_interactions_v1_seed42,toy_composition_v1_seed43
HEA_0833,15.37,16.11,28.28,26.03,14.21,1755.99,392.5,970.69,synthetic,toy_mixture_interactions_v1_seed42,toy_composition_v1_seed43
HEA_0834,5.07,16.02,27.39,34.48,17.04,1851.0,329.42,781.84,synthetic,toy_mixture_interactions_v1_seed42,toy_composition_v1_seed43
HEA_0835,12.74,29.66,17.0,30.99,9.61,1738.84,365.01,961.36,synthetic,toy_mixture_interactions_v1_seed42,toy_composition_v1_seed43
HEA_0836,19.18,21.31,11.31,27.79,20.41,1602.24,360.86,968.09,synthetic,toy_mixture_interactions_v1_seed42,toy_composition_v1_seed43
HEA_0837,18.06,11.7,16.09,24.95,29.2,1632.54,386.01,980.59,synthetic,toy_mixture_interactions_v1_seed42,toy_composition_v1_seed43
HEA_0838,8.92,21.73,29.79,24.8,14.76,1803.56,319.55,927.14,synthetic,toy_mixture_interactions_v1_seed42,toy_composition_v1_seed43
HEA_0839,30.86,9.82,19.48,8.53,31.31,1473.95,520.73,1180.12,synthetic,toy_mixture_interactions_v1_seed42,toy_composition_v1_seed43
HEA_0840,16.33,15.84,13.71,22.94,31.18,1629.46,349.5,928.87,synthetic,toy_mixture_interactions_v1_seed42,toy_composition_v1_seed43
HEA_0841,8.99,30.49,22.2,11.56,26.76,1759.38,328.03,940.3,synthetic,toy_mixture_interactions_v1_seed42,toy_composition_v1_seed43
HEA_0842,6.12,14.83,28.07,26.64,24.34,1822.52,306.53,852.77,synthetic,toy_mixture_interactions_v1_seed42,toy_composition_v1_seed43
HEA_0843,8.36,23.84,21.54,17.77,28.49,1777.19,338.02,917.12,synthetic,toy_mixture_interactions_v1_seed42,toy_composition_v1_seed43
HEA_0844,20.29,11.65,19.57,19.99,28.5,1620.43,452.7,1038.8,synthetic,toy_mixture_interactions_v1_seed42,toy_composition_v1_seed43
HEA_0845,24.32,21.2,12.51,11.77,30.2,1526.94,418.41,1108.86,synthetic,toy_mixture_interactions_v1_seed42,toy_composition_v1_seed43
HEA_0846,26.94,34.26,13.01,8.29,17.5,1539.26,469.49,1141.53,synthetic,toy_mixture_interactions_v1_seed42,toy_composition_v1_seed43
HEA_0847,10.81,26.42,27.77,6.02,28.98,1756.11,358.72,875.73,synthetic,toy_mixture_interactions_v1_seed42,toy_composition_v1_seed43
HEA_0848,10.67,27.82,27.58,22.64,11.29,1785.38,340.07,856.05,synthetic,toy_mixture_interactions_v1_seed42,toy_composition_v1_seed43
HEA_0849,27.78,19.58,20.1,9.66,22.88,1535.01,484.36,1145.48,synthetic,toy_mixture_interactions_v1_seed42,toy_composition_v1_seed43
HEA_0850,28.02,28.33,8.95,25.86,8.84,1501.49,437.64,1119.05,synthetic,toy_mixture_interactions_v1_seed42,toy_composition_v1_seed43
HEA_0851,19.27,33.63,15.62,21.39,10.09,1624.23,390.68,1072.38,synthetic,toy_mixture_interactions_v1_seed42,toy_composition_v1_seed43
HEA_0852,24.04,14.46,23.43,15.46,22.61,1587.1,479.41,1106.88,synthetic,toy_mixture_interactions_v1_seed42,toy_composition_v1_seed43
HEA_0853,29.37,16.46,15.54,20.35,18.28,1520.71,463.77,1152.08,synthetic,toy_mixture_interactions_v1_seed42,toy_composition_v1_seed43
HEA_0854,26.71,7.95,18.22,14.62,32.5,1533.44,467.33,1238.11,synthetic,toy_mixture_interactions_v1_seed42,toy_composition_v1_seed43
HEA_0855,18.01,17.92,29.39,12.35,22.33,1700.77,448.71,985.08,synthetic,toy_mixture_interactions_v1_seed42,toy_composition_v1_seed43
HEA_0856,19.55,5.86,23.26,19.32,32.01,1651.99,407.57,1095.96,synthetic,toy_mixture_interactions_v1_seed42,toy_composition_v1_seed43
HEA_0857,12.3,10.37,18.64,32.68,26.01,1706.31,353.1,780.75,synthetic,toy_mixture_interactions_v1_seed42,toy_composition_v1_seed43
HEA_0858,23.34,13.97,20.57,20.12,22.0,1601.25,419.98,1164.36,synthetic,toy_mixture_interactions_v1_seed42,toy_composition_v1_seed43
HEA_0859,16.81,20.72,29.99,15.48,17.0,1750.35,414.19,1010.93,synthetic,toy_mixture_interactions_v1_seed42,toy_composition_v1_seed43
HEA_0860,11.97,29.09,16.65,26.99,15.3,1745.17,352.87,860.08,synthetic,toy_mixture_interactions_v1_seed42,toy_composition_v1_seed43
HEA_0861,7.9,20.73,22.98,19.66,28.73,1786.57,311.05,820.92,synthetic,toy_mixture_interactions_v1_seed42,toy_composition_v1_seed43
HEA_0862,24.54,31.11,20.95,8.87,14.53,1604.59,447.8,948.21,synthetic,toy_mixture_interactions_v1_seed42,toy_composition_v1_seed43
HEA_0863,16.32,10.9,29.32,18.28,25.18,1728.76,371.64,1044.32,synthetic,toy_mixture_interactions_v1_seed42,toy_composition_v1_seed43
HEA_0864,24.56,17.62,22.85,22.33,12.64,1615.02,447.0,1032.89,synthetic,toy_mixture_interactions_v1_seed42,toy_composition_v1_seed43
HEA_0865,13.71,14.36,34.82,26.09,11.02,1799.37,402.13,1030.91,synthetic,toy_mixture_interactions_v1_seed42,toy_composition_v1_seed43
HEA_0866,17.26,26.16,22.57,8.55,25.46,1637.19,408.27,937.77,synthetic,toy_mixture_interactions_v1_seed42,toy_composition_v1_seed43
HEA_0867,30.46,15.94,10.69,19.27,23.64,1484.06,472.62,1103.44,synthetic,toy_mixture_interactions_v1_seed42,toy_composition_v1_seed43
HEA_0868,17.32,11.75,31.59,8.68,30.66,1684.11,438.34,1095.01,synthetic,toy_mixture_interactions_v1_seed42,toy_composition_v1_seed43
HEA_0869,14.36,13.28,25.53,32.99,13.84,1751.39,394.3,959.14,synthetic,toy_mixture_interactions_v1_seed42,toy_composition_v1_seed43
HEA_0870,26.43,24.05,19.25,12.71,17.56,1543.54,478.7,1172.72,synthetic,toy_mixture_interactions_v1_seed42,toy_composition_v1_seed43
HEA_0871,24.74,13.72,11.87,26.33,23.34,1540.45,429.49,911.69,synthetic,toy_mixture_interactions_v1_seed42,toy_composition_v1_seed43
HEA_0872,34.59,20.23,11.77,14.54,18.87,1413.59,526.66,1170.77,synthetic,toy_mixture_interactions_v1_seed42,toy_composition_v1_seed43
HEA_0873,34.08,11.67,8.25,18.14,27.86,1362.14,507.04,1161.93,synthetic,toy_mixture_interactions_v1_seed42,toy_composition_v1_seed43
HEA_0874,26.33,20.88,10.84,17.91,24.04,1497.6,460.61,1112.59,synthetic,toy_mixture_interactions_v1_seed42,toy_composition_v1_seed43
HEA_0875,21.47,26.05,11.22,15.57,25.69,1534.46,402.74,1062.8,synthetic,toy_mixture_interactions_v1_seed42,toy_composition_v1_seed43
HEA_0876,14.81,33.88,7.57,9.18,34.56,1588.93,374.64,947.22,synthetic,toy_mixture_interactions_v1_seed42,toy_composition_v1_seed43
HEA_0877,31.17,14.18,24.73,15.54,14.38,1569.45,515.72,1238.47,synthetic,toy_mixture_interactions_v1_seed42,toy_composition_v1_seed43
HEA_0878,17.73,22.66,17.63,14.85,27.13,1629.35,401.9,1023.46,synthetic,toy_mixture_interactions_v1_seed42,toy_composition_v1_seed43
HEA_0879,25.37,12.65,15.13,28.71,18.14,1558.85,431.75,966.17,synthetic,toy_mixture_interactions_v1_seed42,toy_composition_v1_seed43
HEA_0880,11.43,29.11,22.05,7.1,30.31,1695.91,348.24,951.18,synthetic,toy_mixture_interactions_v1_seed42,toy_composition_v1_seed43
HEA_0881,11.27,27.99,27.65,10.84,22.25,1762.48,361.7,953.84,synthetic,toy_mixture_interactions_v1_seed42,toy_composition_v1_seed43
HEA_0882,14.48,15.38,18.77,28.45,22.92,1710.3,368.42,923.34,synthetic,toy_mixture_interactions_v1_seed42,toy_composition_v1_seed43
HEA_0883,31.65,27.29,12.75,18.99,9.32,1486.21,505.81,1098.4,synthetic,toy_mixture_interactions_v1_seed42,toy_composition_v1_seed43
HEA_0884,23.99,11.9,26.6,18.69,18.82,1647.91,429.28,1039.83,synthetic,toy_mixture_interactions_v1_seed42,toy_composition_v1_seed43
HEA_0885,13.67,28.88,8.02,30.95,18.48,1646.84,333.86,859.46,synthetic,toy_mixture_interactions_v1_seed42,toy_composition_v1_seed43
HEA_0886,20.84,29.4,11.71,11.77,26.28,1558.35,427.24,1008.85,synthetic,toy_mixture_interactions_v1_seed42,toy_composition_v1_seed43
HEA_0887,22.91,23.72,23.94,20.22,9.21,1632.5,414.33,1031.19,synthetic,toy_mixture_interactions_v1_seed42,toy_composition_v1_seed43
HEA_0888,33.35,21.26,19.48,15.95,9.96,1491.6,524.45,1134.65,synthetic,toy_mixture_interactions_v1_seed42,toy_composition_v1_seed43
HEA_0889,16.93,26.57,34.14,15.03,7.33,1763.83,415.43,958.82,synthetic,toy_mixture_interactions_v1_seed42,toy_composition_v1_seed43
HEA_0890,14.79,20.74,12.32,31.37,20.78,1659.79,350.4,989.97,synthetic,toy_mixture_interactions_v1_seed42,toy_composition_v1_seed43
HEA_0891,20.51,31.3,24.44,11.31,12.44,1626.22,440.9,939.94,synthetic,toy_mixture_interactions_v1_seed42,toy_composition_v1_seed43
HEA_0892,15.22,12.28,26.46,33.34,12.7,1728.99,403.21,960.74,synthetic,toy_mixture_interactions_v1_seed42,toy_composition_v1_seed43
HEA_0893,24.16,10.55,7.54,28.47,29.28,1519.83,405.9,948.81,synthetic,toy_mixture_interactions_v1_seed42,toy_composition_v1_seed43
HEA_0894,23.01,17.86,24.09,14.56,20.48,1612.0,446.45,1029.93,synthetic,toy_mixture_interactions_v1_seed42,toy_composition_v1_seed43
HEA_0895,16.44,13.14,23.36,25.71,21.35,1727.39,382.44,894.76,synthetic,toy_mixture_interactions_v1_seed42,toy_composition_v1_seed43
HEA_0896,17.86,21.84,8.27,28.51,23.52,1599.54,392.38,927.25,synthetic,toy_mixture_interactions_v1_seed42,toy_composition_v1_seed43
HEA_0897,27.52,26.69,14.04,13.8,17.95,1504.76,426.31,1081.91,synthetic,toy_mixture_interactions_v1_seed42,toy_composition_v1_seed43
HEA_0898,17.74,20.7,20.63,27.01,13.92,1698.37,384.13,950.54,synthetic,toy_mixture_interactions_v1_seed42,toy_composition_v1_seed43
HEA_0899,16.76,31.06,16.37,15.74,20.07,1627.58,381.26,895.92,synthetic,toy_mixture_interactions_v1_seed42,toy_composition_v1_seed43
HEA_0900,21.79,14.09,23.03,9.68,31.41,1607.16,473.05,1113.9,synthetic,toy_mixture_interactions_v1_seed42,toy_composition_v1_seed43
HEA_0901,8.46,21.76,33.47,8.01,28.3,1810.52,337.15,880.42,synthetic,toy_mixture_interactions_v1_seed42,toy_composition_v1_seed43
HEA_0902,16.6,26.5,21.6,21.93,13.37,1665.59,393.21,921.16,synthetic,toy_mixture_interactions_v1_seed42,toy_composition_v1_seed43
HEA_0903,34.01,19.8,18.76,13.98,13.45,1486.78,512.08,1158.49,synthetic,toy_mixture_interactions_v1_seed42,toy_composition_v1_seed43
HEA_0904,15.34,13.86,31.22,23.3,16.28,1732.25,398.66,955.32,synthetic,toy_mixture_interactions_v1_seed42,toy_composition_v1_seed43
HEA_0905,20.47,17.34,17.62,33.75,10.82,1636.15,386.75,997.39,synthetic,toy_mixture_interactions_v1_seed42,toy_composition_v1_seed43
HEA_0906,19.9,25.69,16.43,12.42,25.56,1596.24,448.37,1093.99,synthetic,toy_mixture_interactions_v1_seed42,toy_composition_v1_seed43
HEA_0907,29.61,26.39,19.14,17.48,7.38,1553.25,468.59,1197.24,synthetic,toy_mixture_interactions_v1_seed42,toy_composition_v1_seed43
HEA_0908,23.18,21.69,26.27,10.5,18.36,1645.5,481.71,1034.76,synthetic,toy_mixture_interactions_v1_seed42,toy_composition_v1_seed43
HEA_0909,14.44,33.89,7.75,22.84,21.08,1629.85,311.76,926.71,synthetic,toy_mixture_interactions_v1_seed42,toy_composition_v1_seed43
HEA_0910,16.43,10.36,26.23,25.55,21.43,1709.77,372.87,1029.08,synthetic,toy_mixture_interactions_v1_seed42,toy_composition_v1_seed43
HEA_0911,18.96,12.35,17.6,28.37,22.72,1637.17,372.5,1064.2,synthetic,toy_mixture_interactions_v1_seed42,toy_composition_v1_seed43
HEA_0912,10.74,14.39,28.45,28.44,17.98,1794.76,363.99,910.78,synthetic,toy_mixture_interactions_v1_seed42,toy_composition_v1_seed43
HEA_0913,16.93,22.16,6.17,24.38,30.36,1565.72,336.34,800.95,synthetic,toy_mixture_interactions_v1_seed42,toy_composition_v1_seed43
HEA_0914,32.64,5.15,12.28,19.29,30.64,1433.7,517.68,1225.06,synthetic,toy_mixture_interactions_v1_seed42,toy_composition_v1_seed43
HEA_0915,5.0,27.22,8.51,34.04,25.23,1770.19,283.12,782.39,synthetic,toy_mixture_interactions_v1_seed42,toy_composition_v1_seed43
HEA_0916,21.38,23.64,14.66,32.41,7.91,1593.57,398.41,1058.34,synthetic,toy_mixture_interactions_v1_seed42,toy_composition_v1_seed43
HEA_0917,17.69,32.0,12.44,14.24,23.63,1585.59,386.42,946.43,synthetic,toy_mixture_interactions_v1_seed42,toy_composition_v1_seed43
HEA_0918,15.42,19.07,30.81,23.63,11.07,1737.13,402.86,975.22,synthetic,toy_mixture_interactions_v1_seed42,toy_composition_v1_seed43
HEA_0919,24.76,12.12,8.05,33.89,21.18,1506.02,411.35,993.36,synthetic,toy_mixture_interactions_v1_seed42,toy_composition_v1_seed43
HEA_0920,10.71,32.89,8.2,17.37,30.83,1664.73,324.88,740.86,synthetic,toy_mixture_interactions_v1_seed42,toy_composition_v1_seed43
HEA_0921,34.63,13.47,27.86,12.8,11.24,1521.92,537.18,1319.48,synthetic,toy_mixture_interactions_v1_seed42,toy_composition_v1_seed43
HEA_0922,16.67,17.23,18.77,34.68,12.65,1669.18,361.52,906.22,synthetic,toy_mixture_interactions_v1_seed42,toy_composition_v1_seed43
HEA_0923,11.26,12.11,27.74,15.86,33.03,1771.66,344.11,896.14,synthetic,toy_mixture_interactions_v1_seed42,toy_composition_v1_seed43
HEA_0924,23.76,22.52,22.26,15.67,15.79,1616.3,449.36,1016.81,synthetic,toy_mixture_interactions_v1_seed42,toy_composition_v1_seed43
HEA_0925,32.33,15.01,26.1,14.38,12.18,1529.97,532.85,1192.62,synthetic,toy_mixture_interactions_v1_seed42,toy_composition_v1_seed43
HEA_0926,22.19,19.86,17.76,20.05,20.14,1599.02,402.96,1118.08,synthetic,toy_mixture_interactions_v1_seed42,toy_composition_v1_seed43
HEA_0927,24.32,5.46,16.86,34.97,18.39,1612.27,473.66,940.93,synthetic,toy_mixture_interactions_v1_seed42,toy_composition_v1_seed43
HEA_0928,26.01,8.79,14.94,34.35,15.91,1570.25,445.0,1076.51,synthetic,toy_mixture_interactions_v1_seed42,toy_composition_v1_seed43
HEA_0929,30.17,10.54,29.87,18.33,11.09,1611.09,457.0,1097.55,synthetic,toy_mixture_interactions_v1_seed42,toy_composition_v1_seed43
HEA_0930,7.65,29.46,11.46,31.88,19.55,1735.11,281.68,794.27,synthetic,toy_mixture_interactions_v1_seed42,toy_composition_v1_seed43
HEA_0931,31.16,21.43,24.45,13.7,9.26,1551.53,524.31,1115.4,synthetic,toy_mixture_interactions_v1_seed42,toy_composition_v1_seed43
HEA_0932,18.2,25.9,20.12,17.61,18.17,1653.66,386.95,1008.52,synthetic,toy_mixture_interactions_v1_seed42,toy_composition_v1_seed43
HEA_0933,14.73,11.26,25.03,21.95,27.03,1727.9,368.87,1001.96,synthetic,toy_mixture_interactions_v1_seed42,toy_composition_v1_seed43
HEA_0934,20.93,18.12,27.39,17.84,15.72,1646.4,440.81,1048.55,synthetic,toy_mixture_interactions_v1_seed42,toy_composition_v1_seed43
HEA_0935,32.9,27.34,10.15,18.63,10.98,1442.31,519.64,1077.68,synthetic,toy_mixture_interactions_v1_seed42,toy_composition_v1_seed43
HEA_0936,25.38,32.3,13.21,16.15,12.96,1519.53,418.81,1083.73,synthetic,toy_mixture_interactions_v1_seed42,toy_composition_v1_seed43
HEA_0937,12.72,22.59,12.21,29.51,22.97,1700.31,315.96,865.38,synthetic,toy_mixture_interactions_v1_seed42,toy_composition_v1_seed43
HEA_0938,17.3,8.14,33.86,19.35,21.35,1743.03,409.96,983.22,synthetic,toy_mixture_interactions_v1_seed42,toy_composition_v1_seed43
HEA_0939,20.5,14.78,22.73,18.57,23.42,1650.37,461.45,1073.05,synthetic,toy_mixture_interactions_v1_seed42,toy_composition_v1_seed43
HEA_0940,34.36,5.25,12.15,31.61,16.63,1438.81,494.77,1224.33,synthetic,toy_mixture_interactions_v1_seed42,toy_composition_v1_seed43
HEA_0941,13.11,32.59,14.54,19.49,20.27,1683.31,373.33,899.91,synthetic,toy_mixture_interactions_v1_seed42,toy_composition_v1_seed43
HEA_0942,8.56,26.05,24.71,22.55,18.13,1808.74,301.56,858.77,synthetic,toy_mixture_interactions_v1_seed42,toy_composition_v1_seed43
HEA_0943,22.93,16.82,23.88,13.51,22.86,1623.14,405.55,1117.37,synthetic,toy_mixture_interactions_v1_seed42,toy_composition_v1_seed43
HEA_0944,15.85,16.74,29.5,15.54,22.37,1752.98,441.23,923.34,synthetic,toy_mixture_interactions_v1_seed42,toy_composition_v1_seed43
HEA_0945,29.09,14.57,5.8,33.41,17.13,1467.47,453.49,1101.84,synthetic,toy_mixture_interactions_v1_seed42,toy_composition_v1_seed43
HEA_0946,18.87,11.35,24.73,25.1,19.95,1661.03,365.9,831.56,synthetic,toy_mixture_interactions_v1_seed42,toy_composition_v1_seed43
HEA_0947,20.87,34.29,20.66,18.46,5.72,1623.2,396.78,987.42,synthetic,toy_mixture_interactions_v1_seed42,toy_composition_v1_seed43
HEA_0948,26.08,13.14,23.4,23.19,14.19,1624.06,440.46,1062.69,synthetic,toy_mixture_interactions_v1_seed42,toy_composition_v1_seed43
HEA_0949,30.19,15.4,24.71,12.01,17.69,1536.93,511.11,1108.46,synthetic,toy_mixture_interactions_v1_seed42,toy_composition_v1_seed43
HEA_0950,19.02,14.59,21.41,18.29,26.69,1634.32,423.44,1128.85,synthetic,toy_mixture_interactions_v1_seed42,toy_composition_v1_seed43
HEA_0951,28.34,30.24,5.8,8.14,27.48,1432.11,520.81,1201.02,synthetic,toy_mixture_interactions_v1_seed42,toy_composition_v1_seed43
HEA_0952,11.13,34.19,20.14,19.75,14.79,1745.72,349.9,944.88,synthetic,toy_mixture_interactions_v1_seed42,toy_composition_v1_seed43
HEA_0953,16.46,19.58,24.42,27.29,12.25,1722.87,366.55,907.34,synthetic,toy_mixture_interactions_v1_seed42,toy_composition_v1_seed43
HEA_0954,21.91,12.53,20.49,18.36,26.71,1627.88,436.48,1167.83,synthetic,toy_mixture_interactions_v1_seed42,toy_composition_v1_seed43
HEA_0955,22.25,13.54,18.06,28.99,17.16,1620.66,446.05,994.1,synthetic,toy_mixture_interactions_v1_seed42,toy_composition_v1_seed43
HEA_0956,19.58,17.73,29.9,21.86,10.93,1716.22,429.55,962.91,synthetic,toy_mixture_interactions_v1_seed42,toy_composition_v1_seed43
HEA_0957,13.32,21.45,27.05,32.8,5.38,1770.52,367.6,853.97,synthetic,toy_mixture_interactions_v1_seed42,toy_composition_v1_seed43
HEA_0958,27.23,20.58,12.44,15.0,24.75,1485.67,462.99,1071.46,synthetic,toy_mixture_interactions_v1_seed42,toy_composition_v1_seed43
HEA_0959,12.39,14.04,25.91,26.54,21.12,1739.65,354.66,912.75,synthetic,toy_mixture_interactions_v1_seed42,toy_composition_v1_seed43
HEA_0960,17.55,16.21,20.75,15.86,29.63,1641.2,390.53,944.68,synthetic,toy_mixture_interactions_v1_seed42,toy_composition_v1_seed43
HEA_0961,31.72,26.41,13.19,13.94,14.74,1454.73,448.8,1193.45,synthetic,toy_mixture_interactions_v1_seed42,toy_composition_v1_seed43
HEA_0962,17.38,17.26,32.53,25.66,7.17,1762.15,405.45,1023.66,synthetic,toy_mixture_interactions_v1_seed42,toy_composition_v1_seed43
HEA_0963,17.9,23.98,18.31,17.42,22.39,1639.23,372.36,1031.36,synthetic,toy_mixture_interactions_v1_seed42,toy_composition_v1_seed43
HEA_0964,17.23,21.4,24.9,11.91,24.56,1667.33,355.09,1057.28,synthetic,toy_mixture_interactions_v1_seed42,toy_composition_v1_seed43
HEA_0965,23.66,5.22,20.23,28.12,22.77,1624.73,406.51,1096.75,synthetic,toy_mixture_interactions_v1_seed42,toy_composition_v1_seed43
HEA_0966,23.66,30.52,10.75,15.25,19.82,1531.5,444.05,985.03,synthetic,toy_mixture_interactions_v1_seed42,toy_composition_v1_seed43
HEA_0967,28.46,16.13,16.48,10.04,28.89,1505.41,499.9,1208.24,synthetic,toy_mixture_interactions_v1_seed42,toy_composition_v1_seed43
HEA_0968,11.87,24.24,23.99,29.12,10.78,1778.35,343.83,949.98,synthetic,toy_mixture_interactions_v1_seed42,toy_composition_v1_seed43
HEA_0969,15.55,22.94,17.52,11.73,32.26,1631.9,374.99,999.86,synthetic,toy_mixture_interactions_v1_seed42,toy_composition_v1_seed43
HEA_0970,19.37,17.31,14.64,26.91,21.77,1587.91,375.56,902.41,synthetic,toy_mixture_interactions_v1_seed42,toy_composition_v1_seed43
HEA_0971,6.04,33.43,23.66,11.8,25.07,1819.04,300.68,836.46,synthetic,toy_mixture_interactions_v1_seed42,toy_composition_v1_seed43
HEA_0972,13.49,18.27,8.6,29.21,30.43,1659.79,364.84,837.45,synthetic,toy_mixture_interactions_v1_seed42,toy_composition_v1_seed43
HEA_0973,30.31,7.25,21.83,10.76,29.85,1524.47,528.39,1215.88,synthetic,toy_mixture_interactions_v1_seed42,toy_composition_v1_seed43
HEA_0974,33.94,6.99,17.47,10.06,31.54,1445.92,533.36,1335.85,synthetic,toy_mixture_interactions_v1_seed42,toy_composition_v1_seed43
HEA_0975,21.83,20.66,9.11,14.18,34.22,1540.48,402.76,1024.43,synthetic,toy_mixture_interactions_v1_seed42,toy_composition_v1_seed43
HEA_0976,22.88,19.8,7.52,15.67,34.13,1513.07,419.93,1087.48,synthetic,toy_mixture_interactions_v1_seed42,toy_composition_v1_seed43
HEA_0977,27.57,11.81,23.2,15.79,21.63,1551.5,480.26,1221.34,synthetic,toy_mixture_interactions_v1_seed42,toy_composition_v1_seed43
HEA_0978,33.13,8.46,20.2,27.95,10.26,1530.83,493.84,1098.91,synthetic,toy_mixture_interactions_v1_seed42,toy_composition_v1_seed43
HEA_0979,29.7,20.47,31.34,11.16,7.33,1606.05,499.78,1101.55,synthetic,toy_mixture_interactions_v1_seed42,toy_composition_v1_seed43
HEA_0980,18.57,20.1,29.94,15.53,15.86,1720.09,409.02,933.99,synthetic,toy_mixture_interactions_v1_seed42,toy_composition_v1_seed43
HEA_0981,23.43,34.74,19.16,12.96,9.71,1607.61,430.94,1099.5,synthetic,toy_mixture_interactions_v1_seed42,toy_composition_v1_seed43
HEA_0982,13.32,23.83,19.95,12.45,30.45,1695.97,344.46,998.39,synthetic,toy_mixture_interactions_v1_seed42,toy_composition_v1_seed43
HEA_0983,16.55,19.84,27.09,12.95,23.57,1708.25,389.4,886.45,synthetic,toy_mixture_interactions_v1_seed42,toy_composition_v1_seed43
HEA_0984,11.75,32.3,7.09,26.11,22.75,1672.39,316.25,841.89,synthetic,toy_mixture_interactions_v1_seed42,toy_composition_v1_seed43
HEA_0985,9.24,18.18,10.56,30.5,31.52,1712.06,319.01,770.38,synthetic,toy_mixture_interactions_v1_seed42,toy_composition_v1_seed43
HEA_0986,8.98,33.83,9.22,25.13,22.84,1710.44,298.62,738.1,synthetic,toy_mixture_interactions_v1_seed42,toy_composition_v1_seed43
HEA_0987,5.63,28.67,28.54,10.99,26.17,1807.54,345.87,876.62,synthetic,toy_mixture_interactions_v1_seed42,toy_composition_v1_seed43
HEA_0988,20.53,29.09,7.54,9.89,32.95,1525.36,445.41,1058.12,synthetic,toy_mixture_interactions_v1_seed42,toy_composition_v1_seed43
HEA_0989,7.6,28.47,13.05,24.15,26.73,1745.81,354.82,808.2,synthetic,toy_mixture_interactions_v1_seed42,toy_composition_v1_seed43
HEA_0990,22.01,6.68,11.75,25.34,34.22,1549.32,422.08,1055.55,synthetic,toy_mixture_interactions_v1_seed42,toy_composition_v1_seed43
HEA_0991,16.59,30.16,20.4,8.97,23.88,1659.35,415.19,993.99,synthetic,toy_mixture_interactions_v1_seed42,toy_composition_v1_seed43
HEA_0992,12.42,10.22,30.23,19.45,27.68,1768.86,335.92,946.04,synthetic,toy_mixture_interactions_v1_seed42,toy_composition_v1_seed43
HEA_0993,29.46,17.36,11.54,20.64,21.0,1490.9,439.75,1178.53,synthetic,toy_mixture_interactions_v1_seed42,toy_composition_v1_seed43
HEA_0994,18.23,11.49,25.36,28.05,16.87,1696.12,370.85,939.11,synthetic,toy_mixture_interactions_v1_seed42,toy_composition_v1_seed43
HEA_0995,25.44,8.11,30.78,19.28,16.39,1667.85,417.05,1080.79,synthetic,toy_mixture_interactions_v1_seed42,toy_composition_v1_seed43
HEA_0996,16.56,11.22,27.09,24.99,20.14,1699.51,396.16,979.13,synthetic,toy_mixture_interactions_v1_seed42,toy_composition_v1_seed43
HEA_0997,16.4,19.47,21.42,17.27,25.44,1682.76,410.78,997.76,synthetic,toy_mixture_interactions_v1_seed42,toy_composition_v1_seed43
HEA_0998,16.17,23.22,25.63,29.65,5.33,1745.14,361.43,982.02,synthetic,toy_mixture_interactions_v1_seed42,toy_composition_v1_seed43
HEA_0999,28.74,21.55,21.4,12.79,15.52,1560.8,486.28,1193.24,synthetic,toy_mixture_interactions_v1_seed42,toy_composition_v1_seed43
HEA_1000,29.28,24.26,14.64,7.58,24.24,1498.87,433.16,1114.25,synthetic,toy_mixture_interactions_v1_seed42,toy_composition_v1_seed43
